Name,Version,LatestVersion,License,Website,ComponentType,Labels,Files,Vulnerabilities
httpcomponents-client,4.5.2,,"{""Name"":""Apache"",""URL"":""https://www.apache.org/licenses/"",""Type"":""permissive""}","http://hc.apache.org/httpcomponents-client",Unknown,[],"[{""Timestamp"":1456073736000,""File"":""733db77aa8d9b2d68015189df76ab06304406e50.jar""}]",[]
commons-beanutils,1.9.3,,"{""Name"":""Apache"",""URL"":""https://www.apache.org/licenses/"",""Type"":""permissive""}","https://commons.apache.org/proper/commons-beanutils/",Unknown,[],"[{""Timestamp"":1474478392000,""File"":""c845703de334ddc6b4b3cd26835458cb1cba1f3d.jar""}]","[{""CVE"":""CVE-2019-10086"",""Date"":1566335700000,""CVSS"":""7.5"",""Type"":""Exact Match""}]"
httpcomponents-client,4.5.3,,"{""Name"":""Apache"",""URL"":""https://www.apache.org/licenses/"",""Type"":""permissive""}",,java,"[""client"",""protocol""]","[{""Timestamp"":1510187350000,""File"":""308b62c17d0364cc76335f2c6ca23ad2848d1679.jar""}]",[]
reflectutils,0.9.14,,"{""Name"":""Apache"",""URL"":""https://www.apache.org/licenses/"",""Type"":""permissive""}","http://code.google.com/p/reflectutils/",Unknown,[],"[{""Timestamp"":1270486556000,""File"":""41456846508d467dd0e107cf3b7a101cd6c1a38f.jar""}]",[]
jetty-security,8.1.15.v20140411,,"{""Name"":""Apache"",""URL"":""https://www.apache.org/licenses/"",""Type"":""permissive""}","http://www.eclipse.org/jetty",Unknown,[],"[{""Timestamp"":1427979570000,""File"":""b58cccb7c875480eaafdde54a68c46d6c46c905b.jar""}]",[]
jetty-util,9.4.11.v20180605,,"{""Name"":""Apache"",""URL"":""https://www.apache.org/licenses/"",""Type"":""permissive""}","http://www.eclipse.org/jetty",Unknown,[],"[{""Timestamp"":1540273444000,""File"":""038076997b10f5c762a210ea8b9f6099da35ac5f.jar""}]",[]
jackson-databind,,,"{""Name"":""Apache"",""URL"":""https://www.apache.org/licenses/"",""Type"":""permissive""}",,java,"[""json"",""mapping""]","[{""Timestamp"":1373832168000,""File"":""1ee2f2bed0e5dd29d1cb155a166e6f8d50bbddb7.jar""}]","[{""CVE"":""CVE-2018-1000873"",""Date"":1545326940000,""CVSS"":""4.3"",""Type"":""Exact Match""},{""CVE"":""CVE-2018-14718"",""Date"":1546453740000,""CVSS"":""7.5"",""Type"":""Exact Match""},{""CVE"":""CVE-2018-7489"",""Date"":1519658940000,""CVSS"":""7.5"",""Type"":""Exact Match""},{""CVE"":""CVE-2018-11307"",""Date"":1562688900000,""CVSS"":""7.5"",""Type"":""Exact Match""},{""CVE"":""CVE-2018-5968"",""Date"":1516595340000,""CVSS"":""5.1"",""Type"":""Exact Match""},{""CVE"":""CVE-2017-15095"",""Date"":1517930940000,""CVSS"":""7.5"",""Type"":""Exact Match""},{""CVE"":""CVE-2019-14540"",""Date"":1568585700000,""CVSS"":""7.5"",""Type"":""Exact Match""},{""CVE"":""CVE-2019-16335"",""Date"":1568585700000,""CVSS"":""7.5"",""Type"":""Exact Match""},{""CVE"":""CVE-2019-16942"",""Date"":1569950100000,""CVSS"":""7.5"",""Type"":""Exact Match""},{""CVE"":""CVE-2019-16943"",""Date"":1569950100000,""CVSS"":""7.5"",""Type"":""Exact Match""},{""CVE"":""CVE-2019-17267"",""Date"":1570407300000,""CVSS"":""7.5"",""Type"":""Exact Match""},{""CVE"":""CVE-2019-17531"",""Date"":1570914900000,""CVSS"":""7.5"",""Type"":""Exact Match""},{""CVE"":""CVE-2018-12022"",""Date"":1553184000000,""CVSS"":""5.1"",""Type"":""Exact Match""},{""CVE"":""CVE-2018-12023"",""Date"":1553184000000,""CVSS"":""5.1"",""Type"":""Exact Match""},{""CVE"":""CVE-2018-14719"",""Date"":1546453740000,""CVSS"":""7.5"",""Type"":""Exact Match""},{""CVE"":""CVE-2018-14720"",""Date"":1546453740000,""CVSS"":""7.5"",""Type"":""Exact Match""},{""CVE"":""CVE-2018-14721"",""Date"":1546453740000,""CVSS"":""7.5"",""Type"":""Exact Match""},{""CVE"":""CVE-2019-14379"",""Date"":1564402500000,""CVSS"":""7.5"",""Type"":""Exact Match""},{""CVE"":""CVE-2018-19360"",""Date"":1546453740000,""CVSS"":""7.5"",""Type"":""Exact Match""},{""CVE"":""CVE-2018-19361"",""Date"":1546453740000,""CVSS"":""7.5"",""Type"":""Exact Match""},{""CVE"":""CVE-2018-19362"",""Date"":1546453740000,""CVSS"":""7.5"",""Type"":""Exact Match""},{""CVE"":""CVE-2019-12086"",""Date"":1558114140000,""CVSS"":""5.0"",""Type"":""Exact Match""},{""CVE"":""CVE-2019-12814"",""Date"":1560953700000,""CVSS"":""4.3"",""Type"":""Exact Match""},{""CVE"":""CVE-2019-14439"",""Date"":1564485300000,""CVSS"":""5.0"",""Type"":""Exact Match""},{""CVE"":""CVE-2019-12384"",""Date"":1561392900000,""CVSS"":""4.3"",""Type"":""Exact Match""},{""CVE"":""CVE-2017-17485"",""Date"":1515608940000,""CVSS"":""7.5"",""Type"":""Exact Match""},{""CVE"":""CVE-2017-7525"",""Date"":1517930940000,""CVSS"":""7.5"",""Type"":""Exact Match""}]"
hapi-structures-v25,2.1,,"{""Name"":""MPL"",""URL"":""https://www.mozilla.org/en-US/MPL/"",""Type"":""lgpl""}",,Unknown,[],"[{""Timestamp"":1363439396000,""File"":""7d37e5925b7d63624f787f68cff7c78c4b343105.jar""}]",[]
hk2-utils,2.2.0,,"{""Name"":""unknown"",""URL"":"""",""Type"":""unknown""}",,Unknown,[],"[{""Timestamp"":1427979570000,""File"":""b58cccb7c875480eaafdde54a68c46d6c46c905b.jar""}]",[]
"maven-scm-provider-git-commons",1.7,,"{""Name"":""Apache"",""URL"":""https://www.apache.org/licenses/"",""Type"":""permissive""}",,Unknown,[],"[{""Timestamp"":1335453936000,""File"":""627186000b9a1f2f5cf1f31d367247e5c2acb75a.jar""}]",[]
hapi-structures-v25,2.0,,"{""Name"":""MPL"",""URL"":""https://www.mozilla.org/en-US/MPL/"",""Type"":""lgpl""}",,Unknown,[],"[{""Timestamp"":1342280138000,""File"":""5b5580ba1fe391253004295b2f84461450a0d244.jar""}]",[]
org.eclipse.sisu.inject,0.3.2,,"{""Name"":""EPL"",""URL"":""http://www.eclipse.org/legal/epl-v10.html"",""Type"":""permissive""}",,Unknown,[],"[{""Timestamp"":1467302376000,""File"":""e4bb580b57c1ec79a5aec994485190c8d631299b.jar""}]",[]
wagon-file,3.0.0,,"{""Name"":""Apache"",""URL"":""https://www.apache.org/licenses/"",""Type"":""permissive""}",,Unknown,[],"[{""Timestamp"":1510187350000,""File"":""927a69acebac32faa0053f5d0b9c987704a762ec.jar""}]",[]
mysql-jdbc,5.1.45,,"{""Name"":""GPL"",""URL"":""https://www.gnu.org/licenses/gpl.html"",""Type"":""copyleft""}",http://www.oracle.com,Unknown,[],"[{""Timestamp"":1511339482000,""File"":""ee64ec436a87c35362176ea300d69c912d1cbeac.jar""}]",[]
spring-web,4.1.4,,"{""Name"":""Apache"",""URL"":""https://www.apache.org/licenses/"",""Type"":""permissive""}","https://spring.io/projects/spring-framework",Unknown,[],"[{""Timestamp"":1419906964000,""File"":""7404de727a6b07634b55e9b7788e89cb76785932.jar""}]","[{""CVE"":""CVE-2018-11040"",""Date"":1529940540000,""CVSS"":""4.3"",""Type"":""Exact Match""},{""CVE"":""CVE-2018-11039"",""Date"":1529940540000,""CVSS"":""4.3"",""Type"":""Exact Match""}]"
jetty-util,9.3.3.v20150827,,"{""Name"":""Apache"",""URL"":""https://www.apache.org/licenses/"",""Type"":""permissive""}","http://www.eclipse.org/jetty",Unknown,[],"[{""Timestamp"":1440671768000,""File"":""751450d4045a6d85bfcfe9e8f70337ac4096423c.jar""}]",[]
jackson,1.9.13,,"{""Name"":""Apache"",""URL"":""https://www.apache.org/licenses/"",""Type"":""permissive""}",http://fasterxml.com,Unknown,[],"[{""Timestamp"":1373832160000,""File"":""3c304d70f42f832e0a86d45bd437f692129299a4.jar""}]",[]
reflectutils,0.9.20,,"{""Name"":""Apache"",""URL"":""https://www.apache.org/licenses/"",""Type"":""permissive""}","http://code.google.com/p/reflectutils/",Unknown,[],"[{""Timestamp"":1429464964000,""File"":""c4e36085243e8e3e004651d9583caf22d4738420.jar""}]",[]
plexus-interpolation,1.12,,"{""Name"":""Apache"",""URL"":""https://www.apache.org/licenses/"",""Type"":""permissive""}",,Unknown,[],"[{""Timestamp"":1250879696000,""File"":""d5b7f6c49a9c6e42ccd7b01dbbc68b63d7dd8087.jar""}]",[]
maven-plugin-tools-api,3.4,,"{""Name"":""Apache"",""URL"":""https://www.apache.org/licenses/"",""Type"":""permissive""}",,Unknown,[],"[{""Timestamp"":1420153064000,""File"":""998381f1f85cc2805836de62a0cdeaa0e863a077.jar""}]",[]
xalan,2.7.0,,"{""Name"":""Apache"",""URL"":""https://www.apache.org/licenses/"",""Type"":""permissive""}","http://xml.apache.org/xalan-j/",Unknown,[],"[{""Timestamp"":1056970508000,""File"":""a33c0097f1c70b20fa7ded220ea317eb3500515e.jar""}]","[{""CVE"":""CVE-2014-0107"",""Date"":1397603580000,""CVSS"":""7.5"",""Type"":""Exact Match""}]"
"maven-scm-provider-perforce",1.7,,"{""Name"":""Apache"",""URL"":""https://www.apache.org/licenses/"",""Type"":""permissive""}",,Unknown,[],"[{""Timestamp"":1335453930000,""File"":""e047f243f6adf9b773710db89e98cc674922e8ce.jar""}]",[]
"maven-scm-provider-svnexe",1.7,,"{""Name"":""Apache"",""URL"":""https://www.apache.org/licenses/"",""Type"":""permissive""}",,Unknown,[],"[{""Timestamp"":1335453952000,""File"":""881354400bf3d54b7d04edf160b86e87a5e98d06.jar""}]",[]
jaxb-api,2.3.0,,"{""Name"":""unknown"",""URL"":"""",""Type"":""unknown""}",,Unknown,[],"[{""Timestamp"":1540273444000,""File"":""038076997b10f5c762a210ea8b9f6099da35ac5f.jar""}]",[]
"jackson-module-jaxb-annotations",2.9.6,,"{""Name"":""Apache"",""URL"":""https://www.apache.org/licenses/"",""Type"":""permissive""}","https://github.com/FasterXML/jackson-modules-base",Unknown,[],"[{""Timestamp"":1540273444000,""File"":""038076997b10f5c762a210ea8b9f6099da35ac5f.jar""}]",[]
ehcache,2.10.0,,"{""Name"":""Apache"",""URL"":""https://www.apache.org/licenses/"",""Type"":""permissive""}",http://ehcache.org,Unknown,[],"[{""Timestamp"":1427979570000,""File"":""b58cccb7c875480eaafdde54a68c46d6c46c905b.jar""}]",[]
"maven-resolver-transport-wagon",1.3.1,,"{""Name"":""Apache"",""URL"":""https://www.apache.org/licenses/"",""Type"":""permissive""}",,Unknown,[],"[{""Timestamp"":1551791242000,""File"":""032b3cfbae04eec5e4d4ae9e199699ad0de39dc3.jar""}]",[]
plexus-utils,1.5.1,,"{""Name"":""Apache"",""URL"":""https://www.apache.org/licenses/"",""Type"":""permissive""}",,Unknown,[],"[{""Timestamp"":1203596010000,""File"":""342d1eb41a2bc7b52fa2e54e9872463fc86e2650.jar""}]","[{""CVE"":""CVE-2017-1000487"",""Date"":1515011340000,""CVSS"":""7.5"",""Type"":""Exact Match""}]"
xstream,1.4.11.1,,"{""Name"":""BSD"",""URL"":""http://www.linfo.org/bsdlicense.html"",""Type"":""permissive""}",,Unknown,[],"[{""Timestamp"":1540588006000,""File"":""6c120c45a8c480bb2fea5b56502e3993ddd74fd2.jar""}]",[]
maven-scm-api,1.7,,"{""Name"":""Apache"",""URL"":""https://www.apache.org/licenses/"",""Type"":""permissive""}",,Unknown,[],"[{""Timestamp"":1335453966000,""File"":""af1c74c7b6fe03934c7e109d4ca71379d35443b6.jar""}]",[]
javax.transaction-api,1.2,,"{""Name"":""CDDL+GPL"",""URL"":""https://glassfish.java.net/public/CDDL+GPL.html"",""Type"":""lgpl""}","https://glassfish.java.net",Unknown,[],"[{""Timestamp"":1368457890000,""File"":""d81aff979d603edd90dcd8db2abc1f4ce6479e3e.jar""}]",[]
plexus-interpolation,1.24,,"{""Name"":""Apache"",""URL"":""https://www.apache.org/licenses/"",""Type"":""permissive""}",,Unknown,[],"[{""Timestamp"":1497879166000,""File"":""6ffa215e43a09277cc5e6972c85ac949f1ae29d0.jar""}]",[]
jetty-xml,9.3.3.v20150827,,"{""Name"":""Apache"",""URL"":""https://www.apache.org/licenses/"",""Type"":""permissive""}","http://www.eclipse.org/jetty",Unknown,[],"[{""Timestamp"":1440671768000,""File"":""8e315a62deae405a3e5cf5e9e18a3391a6bc0b06.jar""}]",[]
jackson-annotations,2.3.0,,"{""Name"":""Apache"",""URL"":""https://www.apache.org/licenses/"",""Type"":""permissive""}","http://github.com/FasterXML/jackson",Unknown,[],"[{""Timestamp"":1427979570000,""File"":""b58cccb7c875480eaafdde54a68c46d6c46c905b.jar""}]",[]
"maven-scm-provider-clearcase",1.7,,"{""Name"":""Apache"",""URL"":""https://www.apache.org/licenses/"",""Type"":""permissive""}",,Unknown,[],"[{""Timestamp"":1335453948000,""File"":""fe97d777ad35877deb8fcc171f294359867f734f.jar""}]",[]
liquibase-core,2.0.5,,"{""Name"":""Apache"",""URL"":""https://www.apache.org/licenses/"",""Type"":""permissive""}",http://www.liquibase.org,Unknown,[],"[{""Timestamp"":1335940220000,""File"":""8cd577e200d45d9f6031ad0e7add6a2d819f2de0.jar""}]",[]
hibernate-validator,4.2.0,,"{""Name"":""Apache"",""URL"":""https://www.apache.org/licenses/"",""Type"":""permissive""}",,Unknown,[],"[{""Timestamp"":1308574932000,""File"":""eac2db0a9d86a9749724fe93d43afffa8106f25e.jar""}]","[{""CVE"":""CVE-2014-3558"",""Date"":1412088900000,""CVSS"":""5.0"",""Type"":""Exact Match""}]"
ant-nodeps,1.8.1,,"{""Name"":""Apache"",""URL"":""https://www.apache.org/licenses/"",""Type"":""permissive""}",,Unknown,[],"[{""Timestamp"":1272650494000,""File"":""24a049c1581192602fc4e16d311d5351e6678a44.jar""}]",[]
commons-lang3,3.1,,"{""Name"":""Apache"",""URL"":""https://www.apache.org/licenses/"",""Type"":""permissive""}","http://commons.apache.org/proper/commons-lang/",Unknown,[],"[{""Timestamp"":1320879362000,""File"":""905075e6c80f206bbe6cf1e809d2caa69f420c76.jar""}]",[]
wagon-http-shared,3.0.0,,"{""Name"":""Apache"",""URL"":""https://www.apache.org/licenses/"",""Type"":""permissive""}",,Unknown,[],"[{""Timestamp"":1510187350000,""File"":""308b62c17d0364cc76335f2c6ca23ad2848d1679.jar""}]",[]
"maven-repository-metadata",3.6.0,,"{""Name"":""Apache"",""URL"":""https://www.apache.org/licenses/"",""Type"":""permissive""}",,Unknown,[],"[{""Timestamp"":1554845710000,""File"":""5f85c159c055a07e950fcc615bdbc9cb719f694c.jar""}]",[]
commons-lang3,3.8,,"{""Name"":""Apache"",""URL"":""https://www.apache.org/licenses/"",""Type"":""permissive""}",,java,"[""utility""]","[{""Timestamp"":1549404588000,""File"":""18484e6eeca02e1a97a77d81036eb9d6ebd15f3d.jar""}]",[]
"jboss-transaction-api_1.2_spec",1.0.0,,"{""Name"":""GPL-classpath"",""URL"":""https://spdx.org/licenses/GPL-2.0-with-classpath-exception.html"",""Type"":""permissive""}",,Unknown,[],"[{""Timestamp"":1381247036000,""File"":""1f9fef7a9fcbb41cc390fc370a291cf30729e094.jar""}]",[]
commons-lang3,3.9,,"{""Name"":""Apache"",""URL"":""https://www.apache.org/licenses/"",""Type"":""permissive""}","http://commons.apache.org/proper/commons-lang/",Unknown,[],"[{""Timestamp"":1554931058000,""File"":""0122c7cee69b53ed4a7681c03d4ee4c0e2765da5.jar""}]",[]
h2-database,1.4.190,,"{""Name"":""unknown"",""URL"":"""",""Type"":""unknown""}",,Unknown,[],"[{""Timestamp"":1444575270000,""File"":""df71536d44e3b07f0c15bb632cac51956c55fc3e.jar""}]",[]
commons-modeler,,,"{""Name"":""Apache"",""URL"":""https://www.apache.org/licenses/"",""Type"":""permissive""}",,java,"[""utility""]","[{""Timestamp"":1581381132000,""File"":""dc6d6e097a7429c948b3bb6d13f6936f3836f260.jar""}]",[]
maven-model,3.6.0,,"{""Name"":""unknown"",""URL"":"""",""Type"":""unknown""}",,Unknown,[],"[{""Timestamp"":1554845710000,""File"":""1f998ea9cf347cfce256dd966e17627df0461a2d.jar""}]",[]
websocket-server,9.3.3.v20150827,,"{""Name"":""unknown"",""URL"":"""",""Type"":""unknown""}",,Unknown,[],"[{""Timestamp"":1440671768000,""File"":""fbe01c485178afec646b921f17752c768fde5ffe.jar""}]",[]
maven-script-interpreter,1.0,,"{""Name"":""Apache"",""URL"":""https://www.apache.org/licenses/"",""Type"":""permissive""}",,Unknown,[],"[{""Timestamp"":1321375660000,""File"":""876844ffd3733226435bf9a1bf44c2dffb109c28.jar""}]",[]
"jackson-jaxrs-json-provider",2.3.3,,"{""Name"":""Apache"",""URL"":""https://www.apache.org/licenses/"",""Type"":""permissive""}",,Unknown,[],"[{""Timestamp"":1427979570000,""File"":""b58cccb7c875480eaafdde54a68c46d6c46c905b.jar""}]",[]
hibernate-jpa-2.1-api,1.0.0,,"{""Name"":""EPL"",""URL"":""http://www.eclipse.org/legal/epl-v10.html"",""Type"":""permissive""}",http://hibernate.org,Unknown,[],"[{""Timestamp"":1374791560000,""File"":""5e731d961297e5a07290bfaf3db1fbc8bbbf405a.jar""}]",[]
apache-jsp,8.0.23.m1,,"{""Name"":""Apache"",""URL"":""https://www.apache.org/licenses/"",""Type"":""permissive""}",,Unknown,[],"[{""Timestamp"":1435923884000,""File"":""f8cadce1d566908f9851a6caf47d33ab6497e135.jar""}]",[]
"plexus-component-annotations",1.7.1,,"{""Name"":""unknown"",""URL"":"""",""Type"":""unknown""}",,Unknown,[],"[{""Timestamp"":1510057920000,""File"":""1a9fb7b1ade770b1e9d0862de226f7b9287dbaaf.jar""}]",[]
antlr,2.7.7,,"{""Name"":""BSD"",""URL"":""http://www.linfo.org/bsdlicense.html"",""Type"":""permissive""}",http://www.antlr.org/,Unknown,[],"[{""Timestamp"":1157541304000,""File"":""83cd2cd674a217ade95a4bb83a8a14f351f48bd0.jar""}]",[]
maven-scm-provider-hg,1.7,,"{""Name"":""Apache"",""URL"":""https://www.apache.org/licenses/"",""Type"":""permissive""}",,Unknown,[],"[{""Timestamp"":1335453958000,""File"":""e5cce040a4963bb52e486493175090feb66210ed.jar""}]",[]
jackson,2.9.0,,"{""Name"":""Apache"",""URL"":""https://www.apache.org/licenses/"",""Type"":""permissive""}","https://github.com/FasterXML/jackson-core",Unknown,[],"[{""Timestamp"":1501362154000,""File"":""88e7c6220be3b3497b3074d3fc7754213289b987.jar""}]",[]
cglib,,,"{""Name"":""Apache"",""URL"":""https://www.apache.org/licenses/"",""Type"":""permissive""}",,java,"[""utility""]","[{""Timestamp"":1381447528000,""File"":""8df582421867cf7298658e00cd2e9e460b697b05.jar""},{""Timestamp"":1193671440000,""File"":""59afed7ab65e7ec6585d5bc60556c3cbd203532b.jar""}]",[]
jackson,2.9.6,,"{""Name"":""Apache"",""URL"":""https://www.apache.org/licenses/"",""Type"":""permissive""}",,java,"[""json"",""parser""]","[{""Timestamp"":1540273444000,""File"":""038076997b10f5c762a210ea8b9f6099da35ac5f.jar""}]",[]
jtype,0.1.1,,"{""Name"":""Apache"",""URL"":""https://www.apache.org/licenses/"",""Type"":""permissive""}","http://jtype.googlecode.com/",Unknown,[],"[{""Timestamp"":1308574932000,""File"":""eac2db0a9d86a9749724fe93d43afffa8106f25e.jar""}]",[]
jsp,,,"{""Name"":""CDDL+GPL"",""URL"":""https://glassfish.java.net/public/CDDL+GPL.html"",""Type"":""lgpl""}",,java,"[""framework""]","[{""Timestamp"":1435923884000,""File"":""f8cadce1d566908f9851a6caf47d33ab6497e135.jar""}]",[]
mchange-commons-java,0.2.3.4,,"{""Name"":""EPL"",""URL"":""http://www.eclipse.org/legal/epl-v10.html"",""Type"":""permissive""}","https://github.com/swaldman/mchange-commons-java",Unknown,[],"[{""Timestamp"":1363776240000,""File"":""5eb5a801d96f65912bcf418a831fa23c663b029b.jar""}]",[]
spring-tx,4.1.4,,"{""Name"":""Apache"",""URL"":""https://www.apache.org/licenses/"",""Type"":""permissive""}","https://spring.io/projects/spring-framework",Unknown,[],"[{""Timestamp"":1419906926000,""File"":""7f1ffeeb32c348b34cdfb7cb24ded39540db7301.jar""}]",[]
lucene-queries,4.10.4,,"{""Name"":""unknown"",""URL"":"""",""Type"":""unknown""}",,Unknown,[],"[{""Timestamp"":1425055130000,""File"":""f3b55bc9553d622760b585550ffa6dbd082f32f3.jar""}]",[]
jackson,2.9.8,,"{""Name"":""Apache"",""URL"":""https://www.apache.org/licenses/"",""Type"":""permissive""}","https://github.com/FasterXML/jackson-core",Unknown,[],"[{""Timestamp"":1544879930000,""File"":""0f5a654e4675769c716e5b387830d19b501ca191.jar""}]",[]
commons-el,,,"{""Name"":""Apache"",""URL"":""https://www.apache.org/licenses/"",""Type"":""permissive""}",,java,"[""templating""]","[{""Timestamp"":1098711086000,""File"":""a17e8a4d9a1f7fcc5eed606721c9ed6b7f18acf7.jar""}]",[]
maven-resolver-spi,1.3.1,,"{""Name"":""Apache"",""URL"":""https://www.apache.org/licenses/"",""Type"":""permissive""}",,Unknown,[],"[{""Timestamp"":1551791242000,""File"":""9271255e6a64bb0a71d8a2e7685550e1a017aa4f.jar""}]",[]
aopalliance,2.2.0,,"{""Name"":""Public domain"",""URL"":""http://en.wikipedia.org/wiki/Public_domain"",""Type"":""permissive""}",,java,"[""aspect""]","[{""Timestamp"":1427979570000,""File"":""b58cccb7c875480eaafdde54a68c46d6c46c905b.jar""}]",[]
jetty-continuation,8.1.15.v20140411,,"{""Name"":""Apache"",""URL"":""https://www.apache.org/licenses/"",""Type"":""permissive""}","http://www.eclipse.org/jetty",Unknown,[],"[{""Timestamp"":1427979570000,""File"":""b58cccb7c875480eaafdde54a68c46d6c46c905b.jar""}]",[]
"management-ehcache-common",2.10.0,,"{""Name"":""unknown"",""URL"":"""",""Type"":""unknown""}",,Unknown,[],"[{""Timestamp"":1427979570000,""File"":""b58cccb7c875480eaafdde54a68c46d6c46c905b.jar""}]",[]
javax.websocket-api,1.1,,"{""Name"":""CDDL+GPL"",""URL"":""https://glassfish.java.net/public/CDDL+GPL.html"",""Type"":""lgpl""}","http://websocket-spec.java.net",Unknown,[],"[{""Timestamp"":1551118788000,""File"":""2797d09609e22c8fc6bcc6104d01254638c85c1f.jar""}]",[]
dom4j,1.6.1,,"{""Name"":""BSD"",""URL"":""http://www.linfo.org/bsdlicense.html"",""Type"":""permissive""}","http://sourceforge.net/projects/dom4j",Unknown,[],"[{""Timestamp"":1116253060000,""File"":""5d3ccc056b6f056dbf0dddfdf43894b9065a8f94.jar""}]","[{""CVE"":""CVE-2018-1000632"",""Date"":1534793460000,""CVSS"":""6.4"",""Type"":""Exact Match""}]"
"management-ehcache-common",2.10.6,,"{""Name"":""unknown"",""URL"":"""",""Type"":""unknown""}",,Unknown,[],"[{""Timestamp"":1540273444000,""File"":""038076997b10f5c762a210ea8b9f6099da35ac5f.jar""}]",[]
"maven-scm-provider-svn-commons",1.7,,"{""Name"":""Apache"",""URL"":""https://www.apache.org/licenses/"",""Type"":""permissive""}",,Unknown,[],"[{""Timestamp"":1335453954000,""File"":""e6c072c98ff6750898714152a2b46f9bb6489f8b.jar""}]",[]
"jersey-container-servlet-core",2.6,,"{""Name"":""unknown"",""URL"":"""",""Type"":""unknown""}",,Unknown,[],"[{""Timestamp"":1427979570000,""File"":""b58cccb7c875480eaafdde54a68c46d6c46c905b.jar""}]",[]
jetty-http,8.1.15.v20140411,,"{""Name"":""Apache"",""URL"":""https://www.apache.org/licenses/"",""Type"":""permissive""}",,Unknown,[],"[{""Timestamp"":1427979570000,""File"":""b58cccb7c875480eaafdde54a68c46d6c46c905b.jar""}]",[]
maven-core,3.6.0,,"{""Name"":""Apache"",""URL"":""https://www.apache.org/licenses/"",""Type"":""permissive""}",,Unknown,[],"[{""Timestamp"":1554845710000,""File"":""81f680cb9b0ded122a77c82230ff33ae3ae0881f.jar""}]",[]
asm,2.2.0,,"{""Name"":""BSD"",""URL"":""http://www.linfo.org/bsdlicense.html"",""Type"":""permissive""}",,java,"[""bytecode"",""parser""]","[{""Timestamp"":1427979570000,""File"":""b58cccb7c875480eaafdde54a68c46d6c46c905b.jar""}]",[]
junit,4.12,,"{""Name"":""EPL"",""URL"":""http://www.eclipse.org/legal/epl-v10.html"",""Type"":""permissive""}",http://www.junit.org,Unknown,[],"[{""Timestamp"":1417691688000,""File"":""2973d150c0dc1fefe998f834810d68f278ea58ec.jar""}]",[]
slf4j-log4j12,,,"{""Name"":""MIT"",""URL"":""https://opensource.org/licenses/MIT"",""Type"":""permissive""}",,java,"[""logging"",""plugin"",""utility""]","[{""Timestamp"":1554845710000,""File"":""1512066dcd57da4f235269f0ccb8c9d18d0d41dd.jar""}]",[]
"hibernate-commons-annotations",4.0.5,,"{""Name"":""LGPL"",""URL"":""https://www.gnu.org/copyleft/lesser.html"",""Type"":""lgpl""}",http://hibernate.org,Unknown,[],"[{""Timestamp"":1405121020000,""File"":""2a581b9edb8168e45060d8bad8b7f46712d2c52c.jar""}]",[]
gson,2.8.0,,"{""Name"":""Apache"",""URL"":""https://www.apache.org/licenses/"",""Type"":""permissive""}",,Unknown,[],"[{""Timestamp"":1477522922000,""File"":""c4ba5371a29ac9b2ad6129b1d39ea38750043eff.jar""}]",[]
"management-ehcache-impl-v1",2.10.6,,"{""Name"":""unknown"",""URL"":"""",""Type"":""unknown""}",,Unknown,[],"[{""Timestamp"":1540273444000,""File"":""038076997b10f5c762a210ea8b9f6099da35ac5f.jar""}]",[]
datatype,1.3.03,,"{""Name"":""MIT"",""URL"":""https://opensource.org/licenses/MIT"",""Type"":""permissive""}",,Unknown,[],"[{""Timestamp"":1141157674000,""File"":""cfd3ebe2f8034e660344f9108c3e2daf78c29cc3.jar""}]",[]
jetty,9.3.3.v20150827,,"{""Name"":""Apache"",""URL"":""https://www.apache.org/licenses/"",""Type"":""permissive""}","http://www.eclipse.org/jetty",Unknown,[],"[{""Timestamp"":1440671768000,""File"":""5c44e80a203abe28501ea7b56caabc50c3343fb2.jar""}]","[{""CVE"":""CVE-2017-9735"",""Date"":1497648540000,""CVSS"":""5.0"",""Type"":""Exact Match""},{""CVE"":""CVE-2017-7656"",""Date"":1530026940000,""CVSS"":""5.0"",""Type"":""Exact Match""},{""CVE"":""CVE-2017-7657"",""Date"":1530030540000,""CVSS"":""7.5"",""Type"":""Exact Match""},{""CVE"":""CVE-2017-7658"",""Date"":1530034140000,""CVSS"":""7.5"",""Type"":""Exact Match""},{""CVE"":""CVE-2018-12536"",""Date"":1530120540000,""CVSS"":""5.0"",""Type"":""Exact Match""}]"
"org.eclipse.egit.github.core",2.1.5,,"{""Name"":""EPL"",""URL"":""http://www.eclipse.org/legal/epl-v10.html"",""Type"":""permissive""}",,Unknown,[],"[{""Timestamp"":1367312840000,""File"":""e1c010e279ff0355a996f00b71512a8636e681d7.jar""}]",[]
validation-api,1.1.0,,"{""Name"":""Apache"",""URL"":""https://www.apache.org/licenses/"",""Type"":""permissive""}","http://beanvalidation.org",Unknown,[],"[{""Timestamp"":1427979570000,""File"":""b58cccb7c875480eaafdde54a68c46d6c46c905b.jar""}]",[]
jstl,1.1.2,,"{""Name"":""CDDL"",""URL"":""https://opensource.org/licenses/CDDL-1.0"",""Type"":""lgpl""}",,Unknown,[],"[{""Timestamp"":1098711086000,""File"":""3375e43c620df4f1114959400ff9bb90d12a2feb.jar""}]",[]
maven-embedder,3.6.0,,"{""Name"":""Apache"",""URL"":""https://www.apache.org/licenses/"",""Type"":""permissive""}",,Unknown,[],"[{""Timestamp"":1554845710000,""File"":""12e9d38c7e2fc5f4b94e70a5f4689ac370fa83e7.jar""}]",[]
maven-compat,3.6.0,,"{""Name"":""Apache"",""URL"":""https://www.apache.org/licenses/"",""Type"":""permissive""}",,Unknown,[],"[{""Timestamp"":1554845710000,""File"":""51462f6d2c61256b8fb26dc8af81b06a2725f1fa.jar""}]",[]
jackson-databind,2.3.3,,"{""Name"":""Apache"",""URL"":""https://www.apache.org/licenses/"",""Type"":""permissive""}",,java,"[""json"",""mapping""]","[{""Timestamp"":1427979570000,""File"":""b58cccb7c875480eaafdde54a68c46d6c46c905b.jar""}]","[{""CVE"":""CVE-2018-1000873"",""Date"":1545326940000,""CVSS"":""4.3"",""Type"":""Exact Match""},{""CVE"":""CVE-2018-14718"",""Date"":1546453740000,""CVSS"":""7.5"",""Type"":""Exact Match""},{""CVE"":""CVE-2018-7489"",""Date"":1519658940000,""CVSS"":""7.5"",""Type"":""Exact Match""},{""CVE"":""CVE-2018-11307"",""Date"":1562688900000,""CVSS"":""7.5"",""Type"":""Exact Match""},{""CVE"":""CVE-2018-5968"",""Date"":1516595340000,""CVSS"":""5.1"",""Type"":""Exact Match""},{""CVE"":""CVE-2017-15095"",""Date"":1517930940000,""CVSS"":""7.5"",""Type"":""Exact Match""},{""CVE"":""CVE-2019-14540"",""Date"":1568585700000,""CVSS"":""7.5"",""Type"":""Exact Match""},{""CVE"":""CVE-2019-16335"",""Date"":1568585700000,""CVSS"":""7.5"",""Type"":""Exact Match""},{""CVE"":""CVE-2019-16942"",""Date"":1569950100000,""CVSS"":""7.5"",""Type"":""Exact Match""},{""CVE"":""CVE-2019-16943"",""Date"":1569950100000,""CVSS"":""7.5"",""Type"":""Exact Match""},{""CVE"":""CVE-2019-17267"",""Date"":1570407300000,""CVSS"":""7.5"",""Type"":""Exact Match""},{""CVE"":""CVE-2019-17531"",""Date"":1570914900000,""CVSS"":""7.5"",""Type"":""Exact Match""}]"
spring-webmvc,4.1.4,,"{""Name"":""Apache"",""URL"":""https://www.apache.org/licenses/"",""Type"":""permissive""}","https://spring.io/projects/spring-framework",Unknown,[],"[{""Timestamp"":1419907020000,""File"":""77c2be19c80bc4b73c7edcafaff6c3d1babea103.jar""}]",[]
plexus-utils,3.0.22,,"{""Name"":""Apache"",""URL"":""https://www.apache.org/licenses/"",""Type"":""permissive""}",,Unknown,[],"[{""Timestamp"":1428430130000,""File"":""764f26e0ab13a87c48fe55f525dfb6a133b7a92f.jar""}]",[]
"management-ehcache-impl-v1",2.10.0,,"{""Name"":""unknown"",""URL"":"""",""Type"":""unknown""}",,Unknown,[],"[{""Timestamp"":1427979570000,""File"":""b58cccb7c875480eaafdde54a68c46d6c46c905b.jar""}]",[]
servlet-api,3.1.0,,"{""Name"":""CDDL"",""URL"":""https://opensource.org/licenses/CDDL-1.0"",""Type"":""lgpl""}",https://javaee.github.io,Unknown,[],"[{""Timestamp"":1366908740000,""File"":""3cd63d075497751784b2fa84be59432f4905bf7c.jar""}]",[]
beanshell,2.0b4,,"{""Name"":""SPL/LGPL"",""URL"":""http://en.wikipedia.org/wiki/Multi-licensing"",""Type"":""lgpl""}",,Unknown,[],"[{""Timestamp"":1116848922000,""File"":""a05f0a0feefa8d8467ac80e16e7de071489f0d9c.jar""}]",[]
plexus-utils,3.0.24,,"{""Name"":""Apache"",""URL"":""https://www.apache.org/licenses/"",""Type"":""permissive""}",,Unknown,[],"[{""Timestamp"":1500537242000,""File"":""77cb0aa1a282fb3612bad9e25716ab10816d8284.jar""}]",[]
jetty-servlet,8.1.15.v20140411,,"{""Name"":""Apache"",""URL"":""https://www.apache.org/licenses/"",""Type"":""permissive""}","http://www.eclipse.org/jetty",Unknown,[],"[{""Timestamp"":1427979570000,""File"":""b58cccb7c875480eaafdde54a68c46d6c46c905b.jar""}]",[]
asm,,,"{""Name"":""BSD"",""URL"":""http://www.linfo.org/bsdlicense.html"",""Type"":""permissive""}",,java,"[""bytecode"",""parser""]","[{""Timestamp"":1467302376000,""File"":""e4bb580b57c1ec79a5aec994485190c8d631299b.jar""},{""Timestamp"":1381447528000,""File"":""8df582421867cf7298658e00cd2e9e460b697b05.jar""},{""Timestamp"":1193671440000,""File"":""59afed7ab65e7ec6585d5bc60556c3cbd203532b.jar""},{""Timestamp"":1157541304000,""File"":""478feadca929a946b2f1fb962bb2179264759821.jar""},{""Timestamp"":1498756250000,""File"":""fe4bec760c88409d0acbeb38dc1ae1bf922577ac.jar""}]",[]
"maven-scm-provider-bazaar",1.7,,"{""Name"":""Apache"",""URL"":""https://www.apache.org/licenses/"",""Type"":""permissive""}",,Unknown,[],"[{""Timestamp"":1335453962000,""File"":""64b72f450d9e6cad987257fdbe16669921ff02ed.jar""}]",[]
eclipse-compiler,3.8.2.v20130121-145325,,"{""Name"":""LGPL"",""URL"":""https://www.gnu.org/copyleft/lesser.html"",""Type"":""lgpl""}",,Unknown,[],"[{""Timestamp"":1358946224000,""File"":""ebb04771ae21dec8682e4153e97404d9933a9c13.jar""}]",[]
plexus-velocity,1.1.8,,"{""Name"":""unknown"",""URL"":"""",""Type"":""unknown""}",,Unknown,[],"[{""Timestamp"":1258452366000,""File"":""d6b34818c82cd2e2f7bc75a2852d31283d154291.jar""}]",[]
spring-aop,4.1.4,,"{""Name"":""Apache"",""URL"":""https://www.apache.org/licenses/"",""Type"":""permissive""}","https://spring.io/projects/spring-framework",Unknown,[],"[{""Timestamp"":1419906904000,""File"":""c5f571fde64271ac0791d538ee158cb473b1b80a.jar""}]",[]
commons-fileupload,,,"{""Name"":""Apache"",""URL"":""https://www.apache.org/licenses/"",""Type"":""permissive""}",,java,"[""client"",""protocol""]","[{""Timestamp"":1581381132000,""File"":""dc6d6e097a7429c948b3bb6d13f6936f3836f260.jar""}]",[]
maven-archetype-plugin,2.4,,"{""Name"":""Apache"",""URL"":""https://www.apache.org/licenses/"",""Type"":""permissive""}",,Unknown,[],"[{""Timestamp"":1439162080000,""File"":""98548fb63f9b0591c4982a97dab3298451113385.jar""}]",[]
jersey-media-sse,2.6,,"{""Name"":""unknown"",""URL"":"""",""Type"":""unknown""}",,Unknown,[],"[{""Timestamp"":1427979570000,""File"":""b58cccb7c875480eaafdde54a68c46d6c46c905b.jar""}]",[]
hibernate-ehcache,4.3.9,,"{""Name"":""LGPL"",""URL"":""https://www.gnu.org/copyleft/lesser.html"",""Type"":""lgpl""}",http://hibernate.org,Unknown,[],"[{""Timestamp"":1429110984000,""File"":""1eadd982bc29a1e8a0cb24cfe0b6562813d7023b.jar""}]",[]
lucene-queryparser,4.10.4,,"{""Name"":""unknown"",""URL"":"""",""Type"":""unknown""}",,Unknown,[],"[{""Timestamp"":1425055132000,""File"":""432d1e1b0aa99695bcaadf49c380c87b17a6f01b.jar""}]",[]
slf4j-simple,1.7.25,,"{""Name"":""unknown"",""URL"":"""",""Type"":""unknown""}",http://www.slf4j.org,Unknown,[],"[{""Timestamp"":1554845710000,""File"":""1512066dcd57da4f235269f0ccb8c9d18d0d41dd.jar""}]",[]
wagon-http,3.0.0,,"{""Name"":""Apache"",""URL"":""https://www.apache.org/licenses/"",""Type"":""permissive""}",,Unknown,[],"[{""Timestamp"":1510187350000,""File"":""308b62c17d0364cc76335f2c6ca23ad2848d1679.jar""}]",[]
jackson-mapper-asl,1.9.13,,"{""Name"":""Apache"",""URL"":""https://www.apache.org/licenses/"",""Type"":""permissive""}",http://fasterxml.com,Unknown,[],"[{""Timestamp"":1373832168000,""File"":""1ee2f2bed0e5dd29d1cb155a166e6f8d50bbddb7.jar""}]","[{""CVE"":""CVE-2019-10172"",""Date"":1574097300000,""CVSS"":""5.0"",""Type"":""Exact Match""}]"
lucene,4.10.4,,"{""Name"":""unknown"",""URL"":"""",""Type"":""unknown""}",,Unknown,[],"[{""Timestamp"":1425055128000,""File"":""438dca3789b04735fe6b223d4aded3561fc5c039.jar""},{""Timestamp"":1425055132000,""File"":""1600fe003fd6fef68cebca0802c96227501feb99.jar""},{""Timestamp"":1425055120000,""File"":""cbdb5f686a85e391d9b88f0bae9e018f4d9472ff.jar""}]","[{""CVE"":""CVE-2017-12629"",""Date"":1508023740000,""CVSS"":""7.5"",""Type"":""Exact Match""}]"
jetty-servlet,9.3.3.v20150827,,"{""Name"":""Apache"",""URL"":""https://www.apache.org/licenses/"",""Type"":""permissive""}","http://www.eclipse.org/jetty",Unknown,[],"[{""Timestamp"":1440671768000,""File"":""39e38d982f236657c656323ae7c320a97dbc0f7d.jar""}]",[]
velocity-tools,2.0,,"{""Name"":""Apache"",""URL"":""https://www.apache.org/licenses/"",""Type"":""permissive""}","http://velocity.apache.org/",Unknown,[],"[{""Timestamp"":1272275326000,""File"":""69936384de86857018b023a8c56ae0635c56b6a0.jar""}]",[]
javamail,1.4.1,,"{""Name"":""CDDL"",""URL"":""https://opensource.org/licenses/CDDL-1.0"",""Type"":""lgpl""}",,Unknown,[],"[{""Timestamp"":1193226376000,""File"":""8b7bc69010655425dabf091b51d1e90b4de36715.jar""}]",[]
ehcache-rest-agent,2.10.6,,"{""Name"":""unknown"",""URL"":"""",""Type"":""unknown""}",,Unknown,[],"[{""Timestamp"":1540273444000,""File"":""038076997b10f5c762a210ea8b9f6099da35ac5f.jar""}]",[]
mysql-jdbc,5.1.28,,"{""Name"":""GPL"",""URL"":""https://www.gnu.org/licenses/gpl.html"",""Type"":""copyleft""}",http://www.oracle.com,Unknown,[],"[{""Timestamp"":1385627962000,""File"":""4c3e03dd2c60b8975ed68f72aa18229db2647196.jar""}]","[{""CVE"":""CVE-2015-2575"",""Date"":1429203600000,""CVSS"":""4.9"",""Type"":""Exact Match""}]"
"javax-websocket-server-impl",9.3.3.v20150827,,"{""Name"":""unknown"",""URL"":"""",""Type"":""unknown""}",,Unknown,[],"[{""Timestamp"":1440671768000,""File"":""8832f329c0b932ea240b2b008297c949c54ede60.jar""}]",[]
"jackson-jaxrs-json-provider",2.9.6,,"{""Name"":""Apache"",""URL"":""https://www.apache.org/licenses/"",""Type"":""permissive""}",,Unknown,[],"[{""Timestamp"":1540273444000,""File"":""038076997b10f5c762a210ea8b9f6099da35ac5f.jar""}]",[]
validation-api,1.0.0,,"{""Name"":""Apache"",""URL"":""https://www.apache.org/licenses/"",""Type"":""permissive""}","http://beanvalidation.org",Unknown,[],"[{""Timestamp"":1254999002000,""File"":""b6bd7f9d78f6fdaa3c37dae18a4bd298915f328e.jar""}]",[]
log4j,1.2.17,,"{""Name"":""Apache"",""URL"":""https://www.apache.org/licenses/"",""Type"":""permissive""}",,java,"[""utility""]","[{""Timestamp"":1336309228000,""File"":""5af35056b4d257e4b64b9e8069c0746e8b08629f.jar""}]",[]
log4j,1.2.15,,"{""Name"":""Apache"",""URL"":""https://www.apache.org/licenses/"",""Type"":""permissive""}",http://www.apache.org,Unknown,[],"[{""Timestamp"":1188000584000,""File"":""f0a0d2e29ed910808c33135a3a5a51bba6358f7b.jar""}]",[]
ehcache-rest-agent,2.10.0,,"{""Name"":""unknown"",""URL"":"""",""Type"":""unknown""}",,Unknown,[],"[{""Timestamp"":1427979570000,""File"":""b58cccb7c875480eaafdde54a68c46d6c46c905b.jar""}]",[]
jboss-logging,3.1.3,,"{""Name"":""Apache"",""URL"":""https://www.apache.org/licenses/"",""Type"":""permissive""}",http://www.jboss.org,Unknown,[],"[{""Timestamp"":1362520830000,""File"":""64499e907f19e5e1b3fdc02f81440c1832fe3545.jar""}]",[]
spring-context,4.1.4,,"{""Name"":""Apache"",""URL"":""https://www.apache.org/licenses/"",""Type"":""permissive""}",,java,"[""webframework""]","[{""Timestamp"":1419906922000,""File"":""5c66d0962e89ee577627a526b6b299a5337072be.jar""}]",[]
servlet-api,3.0.1,,"{""Name"":""CDDL"",""URL"":""https://opensource.org/licenses/CDDL-1.0"",""Type"":""lgpl""}",,java,"[""framework""]","[{""Timestamp"":1427979570000,""File"":""b58cccb7c875480eaafdde54a68c46d6c46c905b.jar""}]",[]
maven-scm-manager-plexus,1.7,,"{""Name"":""Apache"",""URL"":""https://www.apache.org/licenses/"",""Type"":""permissive""}",,Unknown,[],"[{""Timestamp"":1335453928000,""File"":""a49cb240bf80d199b62c339cdd6a10a9e617f88e.jar""}]",[]
maven-settings,3.6.0,,"{""Name"":""Apache"",""URL"":""https://www.apache.org/licenses/"",""Type"":""permissive""}",,Unknown,[],"[{""Timestamp"":1554845710000,""File"":""b73948e334ff1b099f7bcdb1830ac5178e6bdd54.jar""}]",[]
guava,,,"{""Name"":""Apache"",""URL"":""https://www.apache.org/licenses/"",""Type"":""permissive""}",,java,"[""utility""]","[{""Timestamp"":1427979570000,""File"":""b58cccb7c875480eaafdde54a68c46d6c46c905b.jar""}]","[{""CVE"":""CVE-2018-10237"",""Date"":1524778140000,""CVSS"":""4.3"",""Type"":""Exact Match""}]"
org.eclipse.jdt.core,3.8.2.v20130121,,"{""Name"":""unknown"",""URL"":"""",""Type"":""unknown""}",,Unknown,[],"[{""Timestamp"":1358946224000,""File"":""ebb04771ae21dec8682e4153e97404d9933a9c13.jar""}]",[]
xpp3,,,"{""Name"":""BSD"",""URL"":""http://www.linfo.org/bsdlicense.html"",""Type"":""permissive""}",,java,"[""parser"",""xml""]","[{""Timestamp"":1500537242000,""File"":""77cb0aa1a282fb3612bad9e25716ab10816d8284.jar""},{""Timestamp"":1203596010000,""File"":""342d1eb41a2bc7b52fa2e54e9872463fc86e2650.jar""},{""Timestamp"":1272219316000,""File"":""7841ba10ea46c9611ce702c3833ff9fccc8ae6eb.jar""},{""Timestamp"":1244209748000,""File"":""c689598ce1eb94c304817877ed15911099972526.jar""}]",[]
struts,1.3.8,,"{""Name"":""Apache"",""URL"":""https://www.apache.org/licenses/"",""Type"":""permissive""}",http://struts.apache.org,Unknown,[],"[{""Timestamp"":1172915072000,""File"":""66178d4a9279ebb1cd1eb79c10dc204b4199f061.jar""}]","[{""CVE"":""CVE-2014-0114"",""Date"":1398854940000,""CVSS"":""7.5"",""Type"":""Exact Match""},{""CVE"":""CVE-2015-0899"",""Date"":1467673140000,""CVSS"":""5.0"",""Type"":""Exact Match""},{""CVE"":""CVE-2016-1181"",""Date"":1467673140000,""CVSS"":""6.8"",""Type"":""Exact Match""},{""CVE"":""CVE-2016-1182"",""Date"":1467673140000,""CVSS"":""6.4"",""Type"":""Exact Match""},{""CVE"":""CVE-2012-0394"",""Date"":1326038100000,""CVSS"":""6.8"",""Type"":""Exact Match""},{""CVE"":""CVE-2013-2115"",""Date"":1373486100000,""CVSS"":""9.3"",""Type"":""Exact Match""}]"
groovy-all,2.4.6,,"{""Name"":""Apache"",""URL"":""https://www.apache.org/licenses/"",""Type"":""permissive""}",https://apache.org,Unknown,[],"[{""Timestamp"":1157541304000,""File"":""478feadca929a946b2f1fb962bb2179264759821.jar""}]",[]
commons-logging,1.1.1,,"{""Name"":""Apache"",""URL"":""https://www.apache.org/licenses/"",""Type"":""permissive""}","http://commons.apache.org/proper/commons-logging/",Unknown,[],"[{""Timestamp"":1195431386000,""File"":""5043bfebc3db072ed80fbd362e7caf00e885d8ae.jar""}]",[]
spring_framework,4.1.4,,"{""Name"":""Apache"",""URL"":""https://www.apache.org/licenses/"",""Type"":""permissive""}","https://spring.io/projects/spring-framework",Unknown,[],"[{""Timestamp"":1381447528000,""File"":""8df582421867cf7298658e00cd2e9e460b697b05.jar""},{""Timestamp"":1419906922000,""File"":""5c66d0962e89ee577627a526b6b299a5337072be.jar""}]","[{""CVE"":""CVE-2015-0201"",""Date"":1425999540000,""CVSS"":""5.0"",""Type"":""Exact Match""},{""CVE"":""CVE-2015-3192"",""Date"":1468353540000,""CVSS"":""4.3"",""Type"":""Exact Match""},{""CVE"":""CVE-2015-5211"",""Date"":1495733340000,""CVSS"":""9.3"",""Type"":""Exact Match""},{""CVE"":""CVE-2016-5007"",""Date"":1495733340000,""CVSS"":""5.0"",""Type"":""Exact Match""},{""CVE"":""CVE-2018-1275"",""Date"":1523453340000,""CVSS"":""7.5"",""Type"":""Exact Match""},{""CVE"":""CVE-2018-1272"",""Date"":1523021340000,""CVSS"":""6.0"",""Type"":""Exact Match""},{""CVE"":""CVE-2018-1271"",""Date"":1523021340000,""CVSS"":""4.3"",""Type"":""Exact Match""},{""CVE"":""CVE-2018-1270"",""Date"":1523021340000,""CVSS"":""7.5"",""Type"":""Exact Match""}]"
velocity,1.6.2,,"{""Name"":""Apache"",""URL"":""https://www.apache.org/licenses/"",""Type"":""permissive""}","http://velocity.apache.org/engine/devel/",Unknown,[],"[{""Timestamp"":1235060992000,""File"":""1b470ec12a9b8aa69b0458a7e477dacb2cbdd6a0.jar""}]",[]
commons-fileupload,1.2.1,,"{""Name"":""Apache"",""URL"":""https://www.apache.org/licenses/"",""Type"":""permissive""}","http://commons.apache.org/proper/commons-fileupload/",Unknown,[],"[{""Timestamp"":1200695590000,""File"":""384faa82e193d4e4b0546059ca09572654bc3970.jar""}]","[{""CVE"":""CVE-2013-0248"",""Date"":1363380900000,""CVSS"":""3.3"",""Type"":""Exact Match""},{""CVE"":""CVE-2014-0050"",""Date"":1396333620000,""CVSS"":""7.5"",""Type"":""Exact Match""},{""CVE"":""CVE-2013-2186"",""Date"":1382997300000,""CVSS"":""7.5"",""Type"":""Exact Match""},{""CVE"":""CVE-2016-1000031"",""Date"":1477405740000,""CVSS"":""7.5"",""Type"":""Exact Match""},{""CVE"":""CVE-2016-3092"",""Date"":1467673140000,""CVSS"":""7.8"",""Type"":""Exact Match""}]"
beanutils,1.9.3,,"{""Name"":""Apache"",""URL"":""https://www.apache.org/licenses/"",""Type"":""permissive""}",,Unknown,[],"[{""Timestamp"":1474478392000,""File"":""c845703de334ddc6b4b3cd26835458cb1cba1f3d.jar""}]",[]
"maven-resolver-connector-basic",1.3.1,,"{""Name"":""Apache"",""URL"":""https://www.apache.org/licenses/"",""Type"":""permissive""}",,Unknown,[],"[{""Timestamp"":1551791242000,""File"":""e34b57cfba76c4b5d8b19362139dd7ff6b1d5673.jar""}]",[]
management-ehcache-v1,2.10.6,,"{""Name"":""unknown"",""URL"":"""",""Type"":""unknown""}",,Unknown,[],"[{""Timestamp"":1540273444000,""File"":""038076997b10f5c762a210ea8b9f6099da35ac5f.jar""}]",[]
slf4j,1.6.0,,"{""Name"":""MIT"",""URL"":""https://opensource.org/licenses/MIT"",""Type"":""permissive""}",http://www.slf4j.org,Unknown,[],"[{""Timestamp"":1273322082000,""File"":""b353147a7d51fcfcd818d8aa6784839783db0915.jar""}]",[]
"maven-scm-provider-svnjava",1.13,,"{""Name"":""Apache"",""URL"":""https://www.apache.org/licenses/"",""Type"":""permissive""}","https://github.com/olamy/maven-scm-provider-svnjava",Unknown,[],"[{""Timestamp"":1301584146000,""File"":""f87ba6a4da7ba58626cb521652d7834a0fc4fdcc.jar""}]",[]
jdom,1.0,,"{""Name"":""JDOM"",""URL"":""http://www.jdom.org/docs/faq.html#a0030"",""Type"":""permissive""}",,Unknown,[],"[{""Timestamp"":1094745652000,""File"":""a2ac1cd690ab4c80defe7f9bce14d35934c35cec.jar""}]",[]
jetty-io,9.4.11.v20180605,,"{""Name"":""Apache"",""URL"":""https://www.apache.org/licenses/"",""Type"":""permissive""}","http://www.eclipse.org/jetty",Unknown,[],"[{""Timestamp"":1540273444000,""File"":""038076997b10f5c762a210ea8b9f6099da35ac5f.jar""}]",[]
management-ehcache-v1,2.10.0,,"{""Name"":""unknown"",""URL"":"""",""Type"":""unknown""}",,Unknown,[],"[{""Timestamp"":1427979570000,""File"":""b58cccb7c875480eaafdde54a68c46d6c46c905b.jar""}]",[]
jdom,1.1,,"{""Name"":""JDOM"",""URL"":""http://www.jdom.org/docs/faq.html#a0030"",""Type"":""permissive""}",http://www.jdom.org,Unknown,[],"[{""Timestamp"":1195006566000,""File"":""1d04c0f321ea337f3661cf7ede8f4c6f653a8fdd.jar""}]",[]
taglibs-standard-spec,1.2.1,,"{""Name"":""Apache"",""URL"":""https://www.apache.org/licenses/"",""Type"":""permissive""}",,Unknown,[],"[{""Timestamp"":1384368460000,""File"":""32aa0d038dd1e3a4c4e8ecc3c14733c6f54bef3b.jar""}]",[]
jersey-client,2.6,,"{""Name"":""unknown"",""URL"":"""",""Type"":""unknown""}",,Unknown,[],"[{""Timestamp"":1427979570000,""File"":""b58cccb7c875480eaafdde54a68c46d6c46c905b.jar""}]",[]
jetty-annotations,9.3.3.v20150827,,"{""Name"":""Apache"",""URL"":""https://www.apache.org/licenses/"",""Type"":""permissive""}",,Unknown,[],"[{""Timestamp"":1440671766000,""File"":""4d5d31414a601d5e5341723e5b4039aaea332701.jar""}]",[]
taglibs-standard,1.1.2,,"{""Name"":""Apache"",""URL"":""https://www.apache.org/licenses/"",""Type"":""permissive""}",,java,"[""jstl""]","[{""Timestamp"":1098711086000,""File"":""a17e8a4d9a1f7fcc5eed606721c9ed6b7f18acf7.jar""}]","[{""CVE"":""CVE-2015-0254"",""Date"":1425913140000,""CVSS"":""7.5"",""Type"":""Exact Match""}]"
maven-slf4j-provider,3.6.0,,"{""Name"":""Apache"",""URL"":""https://www.apache.org/licenses/"",""Type"":""permissive""}",,Unknown,[],"[{""Timestamp"":1554845710000,""File"":""1512066dcd57da4f235269f0ccb8c9d18d0d41dd.jar""}]",[]
buildnumber-maven-plugin,1.1,,"{""Name"":""MIT"",""URL"":""https://opensource.org/licenses/MIT"",""Type"":""permissive""}",,Unknown,[],"[{""Timestamp"":1335911856000,""File"":""ee447b4450d0686ea810f6a97a0ab3b780c4e9c7.jar""}]",[]
spring-oxm,4.1.4,,"{""Name"":""Apache"",""URL"":""https://www.apache.org/licenses/"",""Type"":""permissive""}","https://spring.io/projects/spring-framework",Unknown,[],"[{""Timestamp"":1419906950000,""File"":""72c75e53b7ec187d9566f750a8092cd07d28e81c.jar""}]",[]
maven-resolver-impl,1.3.1,,"{""Name"":""Apache"",""URL"":""https://www.apache.org/licenses/"",""Type"":""permissive""}",,Unknown,[],"[{""Timestamp"":1551791242000,""File"":""2aed614564d61ca7420280589a3f2f801354d5f0.jar""}]",[]
plexus-cipher,1.4,,"{""Name"":""unknown"",""URL"":"""",""Type"":""unknown""}","http://spice.sonatype.org/${project.artifactId}",Unknown,[],"[{""Timestamp"":1241019588000,""File"":""50ade46f23bb38cd984b4ec560c46223432aac38.jar""}]",[]
xstream,1.4.3,,"{""Name"":""BSD"",""URL"":""http://www.linfo.org/bsdlicense.html"",""Type"":""permissive""}",,Unknown,[],"[{""Timestamp"":1342567672000,""File"":""3427c153a5ad0f2cfa923528ad8be875c8cb1cff.jar""}]","[{""CVE"":""CVE-2017-7957"",""Date"":1493495940000,""CVSS"":""5.0"",""Type"":""Exact Match""},{""CVE"":""CVE-2016-3674"",""Date"":1463494080000,""CVSS"":""5.0"",""Type"":""Exact Match""},{""CVE"":""CVE-2013-7285"",""Date"":1557941340000,""CVSS"":""7.5"",""Type"":""Exact Match""}]"
plexus-utils,2.0.5,,"{""Name"":""Apache"",""URL"":""https://www.apache.org/licenses/"",""Type"":""permissive""}",,Unknown,[],"[{""Timestamp"":1272219316000,""File"":""7841ba10ea46c9611ce702c3833ff9fccc8ae6eb.jar""}]","[{""CVE"":""CVE-2017-1000487"",""Date"":1515011340000,""CVSS"":""7.5"",""Type"":""Exact Match""}]"
jetty-io,9.3.3.v20150827,,"{""Name"":""Apache"",""URL"":""https://www.apache.org/licenses/"",""Type"":""permissive""}","http://www.eclipse.org/jetty",Unknown,[],"[{""Timestamp"":1440671768000,""File"":""82ad0bc0b7f2e070ad4960e8757603cdfc93ffad.jar""}]",[]
plexus-cipher,1.7,,"{""Name"":""unknown"",""URL"":"""",""Type"":""unknown""}","http://spice.sonatype.org/${project.artifactId}",Unknown,[],"[{""Timestamp"":1501766386000,""File"":""8209bdefe9a7d97b42b0f4bcc548360033e71367.jar""}]",[]
ant,1.8.1,,"{""Name"":""Apache"",""URL"":""https://www.apache.org/licenses/"",""Type"":""permissive""}",,java,"[""utility""]","[{""Timestamp"":1272650494000,""File"":""24a049c1581192602fc4e16d311d5351e6678a44.jar""},{""Timestamp"":1272650488000,""File"":""5d7093b80b8893e04cbd776064f31c95bfd7a9d8.jar""}]",[]
org-jdom,1.1,,"{""Name"":""Apache"",""URL"":""https://www.apache.org/licenses/"",""Type"":""permissive""}",,Unknown,[],"[{""Timestamp"":1195006566000,""File"":""1d04c0f321ea337f3661cf7ede8f4c6f653a8fdd.jar""}]",[]
org-jdom,1.0,,"{""Name"":""Apache"",""URL"":""https://www.apache.org/licenses/"",""Type"":""permissive""}",,Unknown,[],"[{""Timestamp"":1094745652000,""File"":""a2ac1cd690ab4c80defe7f9bce14d35934c35cec.jar""}]",[]
apache-jsp,9.3.3.v20150827,,"{""Name"":""Apache"",""URL"":""https://www.apache.org/licenses/"",""Type"":""permissive""}",,Unknown,[],"[{""Timestamp"":1440671766000,""File"":""ad7105916fa2972d6fd3c3891a6d359f1a82f0c1.jar""}]",[]
hk2-locator,2.2.0,,"{""Name"":""unknown"",""URL"":"""",""Type"":""unknown""}",,Unknown,[],"[{""Timestamp"":1427979570000,""File"":""b58cccb7c875480eaafdde54a68c46d6c46c905b.jar""}]",[]
jackson-databind,2.9.0,,"{""Name"":""Apache"",""URL"":""https://www.apache.org/licenses/"",""Type"":""permissive""}","http://github.com/FasterXML/jackson",Unknown,[],"[{""Timestamp"":1501388490000,""File"":""14fb5f088cc0b0dc90a73ba745bcade4961a3ee3.jar""}]","[{""CVE"":""CVE-2018-1000873"",""Date"":1545326940000,""CVSS"":""4.3"",""Type"":""Exact Match""},{""CVE"":""CVE-2018-14718"",""Date"":1546453740000,""CVSS"":""7.5"",""Type"":""Exact Match""},{""CVE"":""CVE-2018-7489"",""Date"":1519658940000,""CVSS"":""7.5"",""Type"":""Exact Match""},{""CVE"":""CVE-2018-11307"",""Date"":1562688900000,""CVSS"":""7.5"",""Type"":""Exact Match""},{""CVE"":""CVE-2018-5968"",""Date"":1516595340000,""CVSS"":""5.1"",""Type"":""Exact Match""},{""CVE"":""CVE-2017-15095"",""Date"":1517930940000,""CVSS"":""7.5"",""Type"":""Exact Match""},{""CVE"":""CVE-2019-14540"",""Date"":1568585700000,""CVSS"":""7.5"",""Type"":""Exact Match""},{""CVE"":""CVE-2019-16335"",""Date"":1568585700000,""CVSS"":""7.5"",""Type"":""Exact Match""},{""CVE"":""CVE-2019-16942"",""Date"":1569950100000,""CVSS"":""7.5"",""Type"":""Exact Match""},{""CVE"":""CVE-2019-16943"",""Date"":1569950100000,""CVSS"":""7.5"",""Type"":""Exact Match""},{""CVE"":""CVE-2019-17267"",""Date"":1570407300000,""CVSS"":""7.5"",""Type"":""Exact Match""},{""CVE"":""CVE-2019-17531"",""Date"":1570914900000,""CVSS"":""7.5"",""Type"":""Exact Match""},{""CVE"":""CVE-2018-12022"",""Date"":1553184000000,""CVSS"":""5.1"",""Type"":""Exact Match""},{""CVE"":""CVE-2018-12023"",""Date"":1553184000000,""CVSS"":""5.1"",""Type"":""Exact Match""},{""CVE"":""CVE-2018-14719"",""Date"":1546453740000,""CVSS"":""7.5"",""Type"":""Exact Match""},{""CVE"":""CVE-2018-14720"",""Date"":1546453740000,""CVSS"":""7.5"",""Type"":""Exact Match""},{""CVE"":""CVE-2018-14721"",""Date"":1546453740000,""CVSS"":""7.5"",""Type"":""Exact Match""},{""CVE"":""CVE-2019-14379"",""Date"":1564402500000,""CVSS"":""7.5"",""Type"":""Exact Match""},{""CVE"":""CVE-2018-19360"",""Date"":1546453740000,""CVSS"":""7.5"",""Type"":""Exact Match""},{""CVE"":""CVE-2018-19361"",""Date"":1546453740000,""CVSS"":""7.5"",""Type"":""Exact Match""},{""CVE"":""CVE-2018-19362"",""Date"":1546453740000,""CVSS"":""7.5"",""Type"":""Exact Match""},{""CVE"":""CVE-2019-12086"",""Date"":1558114140000,""CVSS"":""5.0"",""Type"":""Exact Match""},{""CVE"":""CVE-2019-12814"",""Date"":1560953700000,""CVSS"":""4.3"",""Type"":""Exact Match""},{""CVE"":""CVE-2019-14439"",""Date"":1564485300000,""CVSS"":""5.0"",""Type"":""Exact Match""},{""CVE"":""CVE-2019-12384"",""Date"":1561392900000,""CVSS"":""4.3"",""Type"":""Exact Match""}]"
persistence-api,1.0.0,,"{""Name"":""CDDL"",""URL"":""https://opensource.org/licenses/CDDL-1.0"",""Type"":""lgpl""}",,Unknown,[],"[{""Timestamp"":1374791560000,""File"":""5e731d961297e5a07290bfaf3db1fbc8bbbf405a.jar""}]",[]
postgresql-jdbc,9.1,,"{""Name"":""PostgreSQL"",""URL"":""http://opensource.org/licenses/postgresql"",""Type"":""permissive""}","http://jdbc.postgresql.org",Unknown,[],"[{""Timestamp"":1097567716000,""File"":""153f2f92a786f12fc111d0111f709012df87c808.jar""}]",[]
hibernate-search-orm,5.1.2,,"{""Name"":""LGPL"",""URL"":""https://www.gnu.org/copyleft/lesser.html"",""Type"":""lgpl""}",,Unknown,[],"[{""Timestamp"":1429836174000,""File"":""5d6ff90ae744d5687199f101e51b89ec58c1796e.jar""}]",[]
commons-validator,1.4.0,,"{""Name"":""Apache"",""URL"":""https://www.apache.org/licenses/"",""Type"":""permissive""}","http://commons.apache.org/proper/commons-validator/",Unknown,[],"[{""Timestamp"":1327840722000,""File"":""42fa1046955ade59f5354a1876cfc523cea33815.jar""}]",[]
jetty-webapp,9.3.3.v20150827,,"{""Name"":""Apache"",""URL"":""https://www.apache.org/licenses/"",""Type"":""permissive""}","http://www.eclipse.org/jetty",Unknown,[],"[{""Timestamp"":1440671768000,""File"":""47ff01a83f891fd6dceee87831fde6327d56de86.jar""}]",[]
maven-invoker,2.2,,"{""Name"":""Apache"",""URL"":""https://www.apache.org/licenses/"",""Type"":""permissive""}",,Unknown,[],"[{""Timestamp"":1426939448000,""File"":""d029ea4667f0f19d27e6407cb66d68e0518b2ed1.jar""}]",[]
archetype-catalog,2.4,,"{""Name"":""Apache"",""URL"":""https://www.apache.org/licenses/"",""Type"":""permissive""}",,Unknown,[],"[{""Timestamp"":1439162080000,""File"":""f10961d68979f81cfabe428946d33354a45381dd.jar""}]",[]
xerces-j,2.8.0,,"{""Name"":""Apache"",""URL"":""https://www.apache.org/licenses/"",""Type"":""permissive""}",,Unknown,[],"[{""Timestamp"":1141157674000,""File"":""cfd3ebe2f8034e660344f9108c3e2daf78c29cc3.jar""}]","[{""CVE"":""CVE-2012-0881"",""Date"":1509380940000,""CVSS"":""7.8"",""Type"":""Exact Match""},{""CVE"":""CVE-2018-2799"",""Date"":1524104940000,""CVSS"":""5.0"",""Type"":""Exact Match""}]"
commons-fileupload,1.3.3,,"{""Name"":""Apache"",""URL"":""https://www.apache.org/licenses/"",""Type"":""permissive""}","http://commons.apache.org/proper/commons-fileupload/",Unknown,[],"[{""Timestamp"":1497032668000,""File"":""04ff14d809195b711fd6bcc87e6777f886730ca1.jar""}]",[]
tomcat,,,"{""Name"":""Apache"",""URL"":""https://www.apache.org/licenses/"",""Type"":""permissive""}",,java,[],"[{""Timestamp"":1435923884000,""File"":""f8cadce1d566908f9851a6caf47d33ab6497e135.jar""}]","[{""CVE"":""CVE-2016-3092"",""Date"":1467673140000,""CVSS"":""7.8"",""Type"":""Exact Match""},{""CVE"":""CVE-2018-1304"",""Date"":1519849740000,""CVSS"":""4.3"",""Type"":""Exact Match""},{""CVE"":""CVE-2017-5647"",""Date"":1492448340000,""CVSS"":""5.0"",""Type"":""Exact Match""},{""CVE"":""CVE-2017-5648"",""Date"":1492448340000,""CVSS"":""6.4"",""Type"":""Exact Match""},{""CVE"":""CVE-2017-5650"",""Date"":1492448340000,""CVSS"":""5.0"",""Type"":""Exact Match""},{""CVE"":""CVE-2017-5651"",""Date"":1492448340000,""CVSS"":""7.5"",""Type"":""Exact Match""},{""CVE"":""CVE-2017-5664"",""Date"":1496759340000,""CVSS"":""5.0"",""Type"":""Exact Match""},{""CVE"":""CVE-2017-6056"",""Date"":1487318340000,""CVSS"":""5.0"",""Type"":""Exact Match""},{""CVE"":""CVE-2017-7674"",""Date"":1502418540000,""CVSS"":""4.3"",""Type"":""Exact Match""},{""CVE"":""CVE-2017-7675"",""Date"":1502418540000,""CVSS"":""5.0"",""Type"":""Exact Match""},{""CVE"":""CVE-2019-10072"",""Date"":1561140900000,""CVSS"":""5.0"",""Type"":""Exact Match""},{""CVE"":""CVE-2016-0706"",""Date"":1456365540000,""CVSS"":""4.0"",""Type"":""Exact Match""},{""CVE"":""CVE-2016-0714"",""Date"":1456365540000,""CVSS"":""6.5"",""Type"":""Exact Match""},{""CVE"":""CVE-2016-0762"",""Date"":1502382540000,""CVSS"":""4.3"",""Type"":""Exact Match""},{""CVE"":""CVE-2016-0763"",""Date"":1456365540000,""CVSS"":""6.5"",""Type"":""Exact Match""},{""CVE"":""CVE-2016-1240"",""Date"":1475510340000,""CVSS"":""7.2"",""Type"":""Exact Match""},{""CVE"":""CVE-2016-5018"",""Date"":1502382540000,""CVSS"":""5.0"",""Type"":""Exact Match""},{""CVE"":""CVE-2016-5388"",""Date"":1468893600000,""CVSS"":""5.1"",""Type"":""Exact Match""},{""CVE"":""CVE-2016-5425"",""Date"":1476370740000,""CVSS"":""7.2"",""Type"":""Exact Match""},{""CVE"":""CVE-2016-6325"",""Date"":1476370740000,""CVSS"":""7.2"",""Type"":""Exact Match""},{""CVE"":""CVE-2016-6794"",""Date"":1502382540000,""CVSS"":""5.0"",""Type"":""Exact Match""},{""CVE"":""CVE-2016-6796"",""Date"":1502418540000,""CVSS"":""5.0"",""Type"":""Exact Match""},{""CVE"":""CVE-2016-6797"",""Date"":1502404140000,""CVSS"":""5.0"",""Type"":""Exact Match""},{""CVE"":""CVE-2016-6816"",""Date"":1490036340000,""CVSS"":""6.8"",""Type"":""Exact Match""},{""CVE"":""CVE-2016-6817"",""Date"":1502404140000,""CVSS"":""5.0"",""Type"":""Exact Match""},{""CVE"":""CVE-2016-8735"",""Date"":1491515940000,""CVSS"":""7.5"",""Type"":""Exact Match""},{""CVE"":""CVE-2016-8745"",""Date"":1502404140000,""CVSS"":""5.0"",""Type"":""Exact Match""},{""CVE"":""CVE-2016-8747"",""Date"":1489485540000,""CVSS"":""5.0"",""Type"":""Exact Match""},{""CVE"":""CVE-2016-9774"",""Date"":1490288340000,""CVSS"":""7.2"",""Type"":""Exact Match""},{""CVE"":""CVE-2016-9775"",""Date"":1490288340000,""CVSS"":""7.2"",""Type"":""Exact Match""},{""CVE"":""CVE-2017-12615"",""Date"":1505827740000,""CVSS"":""6.8"",""Type"":""Exact Match""},{""CVE"":""CVE-2018-8014"",""Date"":1526488140000,""CVSS"":""7.5"",""Type"":""Exact Match""},{""CVE"":""CVE-2017-15706"",""Date"":1517408940000,""CVSS"":""5.0"",""Type"":""Exact Match""},{""CVE"":""CVE-2017-12616"",""Date"":1505827740000,""CVSS"":""5.0"",""Type"":""Exact Match""},{""CVE"":""CVE-2017-12617"",""Date"":1507080540000,""CVSS"":""6.8"",""Type"":""Exact Match""},{""CVE"":""CVE-2014-9634"",""Date"":1505226540000,""CVSS"":""5.0"",""Type"":""Exact Match""},{""CVE"":""CVE-2014-9635"",""Date"":1505226540000,""CVSS"":""5.0"",""Type"":""Exact Match""},{""CVE"":""CVE-2018-1305"",""Date"":1519428540000,""CVSS"":""4.0"",""Type"":""Exact Match""},{""CVE"":""CVE-2015-5174"",""Date"":1456365540000,""CVSS"":""4.0"",""Type"":""Exact Match""},{""CVE"":""CVE-2015-5345"",""Date"":1456365540000,""CVSS"":""5.0"",""Type"":""Exact Match""},{""CVE"":""CVE-2015-5346"",""Date"":1456365540000,""CVSS"":""6.8"",""Type"":""Exact Match""},{""CVE"":""CVE-2015-5351"",""Date"":1456365540000,""CVSS"":""6.8"",""Type"":""Exact Match""},{""CVE"":""CVE-2018-1336"",""Date"":1533220140000,""CVSS"":""5.0"",""Type"":""Exact Match""},{""CVE"":""CVE-2018-8034"",""Date"":1533148140000,""CVSS"":""5.0"",""Type"":""Exact Match""},{""CVE"":""CVE-2018-8037"",""Date"":1533220140000,""CVSS"":""4.3"",""Type"":""Exact Match""},{""CVE"":""CVE-2018-11784"",""Date"":1538659740000,""CVSS"":""4.3"",""Type"":""Exact Match""},{""CVE"":""CVE-2019-0199"",""Date"":1554910140000,""CVSS"":""5.0"",""Type"":""Exact Match""},{""CVE"":""CVE-2019-0232"",""Date"":1555342140000,""CVSS"":""9.3"",""Type"":""Exact Match""},{""CVE"":""CVE-2019-0221"",""Date"":1559082540000,""CVSS"":""4.3"",""Type"":""Exact Match""}]"
maven-shared-utils,3.3.0,,"{""Name"":""Apache"",""URL"":""https://www.apache.org/licenses/"",""Type"":""permissive""}",,Unknown,[],"[{""Timestamp"":1551788300000,""File"":""48cf17384ff4175a958c45d28236f9fdaa3b4ded.jar""}]",[]
jackson-databind,2.9.8,,"{""Name"":""Apache"",""URL"":""https://www.apache.org/licenses/"",""Type"":""permissive""}","http://github.com/FasterXML/jackson",Unknown,[],"[{""Timestamp"":1544911130000,""File"":""11283f21cc480aa86c4df7a0a3243ec508372ed2.jar""}]","[{""CVE"":""CVE-2019-17267"",""Date"":1570407300000,""CVSS"":""7.5"",""Type"":""Exact Match""},{""CVE"":""CVE-2019-14540"",""Date"":1568585700000,""CVSS"":""7.5"",""Type"":""Exact Match""},{""CVE"":""CVE-2019-16335"",""Date"":1568585700000,""CVSS"":""7.5"",""Type"":""Exact Match""},{""CVE"":""CVE-2019-12814"",""Date"":1560953700000,""CVSS"":""4.3"",""Type"":""Exact Match""},{""CVE"":""CVE-2019-12384"",""Date"":1561392900000,""CVSS"":""4.3"",""Type"":""Exact Match""},{""CVE"":""CVE-2019-12086"",""Date"":1558114140000,""CVSS"":""5.0"",""Type"":""Exact Match""},{""CVE"":""CVE-2019-17531"",""Date"":1570914900000,""CVSS"":""7.5"",""Type"":""Exact Match""},{""CVE"":""CVE-2019-16942"",""Date"":1569950100000,""CVSS"":""7.5"",""Type"":""Exact Match""},{""CVE"":""CVE-2019-16943"",""Date"":1569950100000,""CVSS"":""7.5"",""Type"":""Exact Match""},{""CVE"":""CVE-2019-14379"",""Date"":1564402500000,""CVSS"":""7.5"",""Type"":""Exact Match""},{""CVE"":""CVE-2019-14439"",""Date"":1564485300000,""CVSS"":""5.0"",""Type"":""Exact Match""}]"
jetty-http,9.3.3.v20150827,,"{""Name"":""Apache"",""URL"":""https://www.apache.org/licenses/"",""Type"":""permissive""}",,Unknown,[],"[{""Timestamp"":1440671768000,""File"":""32bd3218b6d5258bbccee83f36b1cd9e80c04d0c.jar""}]",[]
plexus-interactivity-api,1.0-alpha-6,,"{""Name"":""unknown"",""URL"":"""",""Type"":""unknown""}",,Unknown,[],"[{""Timestamp"":1175272940000,""File"":""c06f0eb818633033f09a87d14c4cfb6f39af9a37.jar""}]",[]
classworlds,2.5.2,,"{""Name"":""classworlds"",""URL"":""https://fedoraproject.org/wiki/Licensing/Plexus_Classworlds_License"",""Type"":""permissive""}",,java,"[""classloader""]","[{""Timestamp"":1506008168000,""File"":""a50608ea9de51294558e9e3b6377229ec049cc6a.jar""}]",[]
jackson-databind,2.9.6,,"{""Name"":""Apache"",""URL"":""https://www.apache.org/licenses/"",""Type"":""permissive""}",,java,"[""binding"",""json""]","[{""Timestamp"":1540273444000,""File"":""038076997b10f5c762a210ea8b9f6099da35ac5f.jar""}]","[{""CVE"":""CVE-2018-1000873"",""Date"":1545326940000,""CVSS"":""4.3"",""Type"":""Exact Match""},{""CVE"":""CVE-2018-14718"",""Date"":1546453740000,""CVSS"":""7.5"",""Type"":""Exact Match""},{""CVE"":""CVE-2018-14719"",""Date"":1546453740000,""CVSS"":""7.5"",""Type"":""Exact Match""},{""CVE"":""CVE-2018-14720"",""Date"":1546453740000,""CVSS"":""7.5"",""Type"":""Exact Match""},{""CVE"":""CVE-2018-14721"",""Date"":1546453740000,""CVSS"":""7.5"",""Type"":""Exact Match""},{""CVE"":""CVE-2018-19360"",""Date"":1546453740000,""CVSS"":""7.5"",""Type"":""Exact Match""},{""CVE"":""CVE-2018-19361"",""Date"":1546453740000,""CVSS"":""7.5"",""Type"":""Exact Match""},{""CVE"":""CVE-2018-19362"",""Date"":1546453740000,""CVSS"":""7.5"",""Type"":""Exact Match""},{""CVE"":""CVE-2019-17267"",""Date"":1570407300000,""CVSS"":""7.5"",""Type"":""Exact Match""},{""CVE"":""CVE-2019-14540"",""Date"":1568585700000,""CVSS"":""7.5"",""Type"":""Exact Match""},{""CVE"":""CVE-2019-16335"",""Date"":1568585700000,""CVSS"":""7.5"",""Type"":""Exact Match""},{""CVE"":""CVE-2019-12814"",""Date"":1560953700000,""CVSS"":""4.3"",""Type"":""Exact Match""},{""CVE"":""CVE-2019-12384"",""Date"":1561392900000,""CVSS"":""4.3"",""Type"":""Exact Match""},{""CVE"":""CVE-2019-12086"",""Date"":1558114140000,""CVSS"":""5.0"",""Type"":""Exact Match""},{""CVE"":""CVE-2019-17531"",""Date"":1570914900000,""CVSS"":""7.5"",""Type"":""Exact Match""},{""CVE"":""CVE-2019-16942"",""Date"":1569950100000,""CVSS"":""7.5"",""Type"":""Exact Match""},{""CVE"":""CVE-2019-16943"",""Date"":1569950100000,""CVSS"":""7.5"",""Type"":""Exact Match""},{""CVE"":""CVE-2019-14379"",""Date"":1564402500000,""CVSS"":""7.5"",""Type"":""Exact Match""},{""CVE"":""CVE-2019-14439"",""Date"":1564485300000,""CVSS"":""5.0"",""Type"":""Exact Match""}]"
javax-inject,1.0.0,,"{""Name"":""Apache"",""URL"":""https://www.apache.org/licenses/"",""Type"":""permissive""}",,Unknown,[],"[{""Timestamp"":1510925494000,""File"":""27ec9bf75acc7e586f7971e0db53affea78d3228.jar""}]",[]
plexus-build-api,0.0.4,,"{""Name"":""unknown"",""URL"":"""",""Type"":""unknown""}",,Unknown,[],"[{""Timestamp"":1234543428000,""File"":""8fdcf45c2fad3052a51385fdfc79753d9124a1a7.jar""}]",[]
org.eclipse.jgit,4.4.0.201606070830,,"{""Name"":""unknown"",""URL"":"""",""Type"":""unknown""}",,Unknown,[],"[{""Timestamp"":1465289638000,""File"":""f0292234d1f57542cca80d7b9a441d8ab26f6860.jar""}]",[]
aopalliance,1.0,,"{""Name"":""Public domain"",""URL"":""http://en.wikipedia.org/wiki/Public_domain"",""Type"":""permissive""}","http://aopalliance.sourceforge.net",Unknown,[],"[{""Timestamp"":1079708224000,""File"":""0235ba8b489512805ac13a8f9ea77a1ca5ebe3e8.jar""}]",[]
groovy,2.4.6,,"{""Name"":""Apache"",""URL"":""https://www.apache.org/licenses/"",""Type"":""permissive""}",,java,"[""language""]","[{""Timestamp"":1157541304000,""File"":""478feadca929a946b2f1fb962bb2179264759821.jar""}]","[{""CVE"":""CVE-2016-6814"",""Date"":1516300140000,""CVSS"":""7.5"",""Type"":""Exact Match""}]"
plexus-interactivity-api,1.0-alpha-4,,"{""Name"":""unknown"",""URL"":"""",""Type"":""unknown""}",,Unknown,[],"[{""Timestamp"":1129158364000,""File"":""0a8f1178664a5457eef3f4531eb62f9505e1295f.jar""}]",[]
archetype-common,2.4,,"{""Name"":""Apache"",""URL"":""https://www.apache.org/licenses/"",""Type"":""permissive""}",,Unknown,[],"[{""Timestamp"":1439162080000,""File"":""10d6ac8f15fb409fbbf14583f081507926e7910c.jar""}]",[]
svnkit,1.3.5,,"{""Name"":""TMate"",""URL"":""https://svnkit.com/license.html"",""Type"":""copyleft""}",https://svnkit.com/,Unknown,[],"[{""Timestamp"":1294410798000,""File"":""72ac6e6fb1adc25bb8af80f26c309c413453e423.jar""}]",[]
jetty-security,9.3.3.v20150827,,"{""Name"":""Apache"",""URL"":""https://www.apache.org/licenses/"",""Type"":""permissive""}","http://www.eclipse.org/jetty",Unknown,[],"[{""Timestamp"":1440671768000,""File"":""f16380ce45d157f75849f9e07873257fccf38451.jar""}]",[]
guice,4.0,,"{""Name"":""Apache"",""URL"":""https://www.apache.org/licenses/"",""Type"":""permissive""}",,java,"[""utility""]","[{""Timestamp"":1498756250000,""File"":""fe4bec760c88409d0acbeb38dc1ae1bf922577ac.jar""}]",[]
wagon-provider-api,3.0.0,,"{""Name"":""Apache"",""URL"":""https://www.apache.org/licenses/"",""Type"":""permissive""}",,Unknown,[],"[{""Timestamp"":1510187350000,""File"":""7cb1eac766e8a2f52a2bf25c4c4516bf4274b4bb.jar""}]",[]
jansi,1.16,,"{""Name"":""Apache"",""URL"":""https://www.apache.org/licenses/"",""Type"":""permissive""}",,Unknown,[],"[{""Timestamp"":1499845152000,""File"":""2628dcb59b5acc399f428ecd40678c14b202e901.jar""}]",[]
osgi-resource-locator,1.0.1,,"{""Name"":""unknown"",""URL"":"""",""Type"":""unknown""}",,Unknown,[],"[{""Timestamp"":1427979570000,""File"":""b58cccb7c875480eaafdde54a68c46d6c46c905b.jar""}]",[]
struts-tiles,1.3.8,,"{""Name"":""Apache"",""URL"":""https://www.apache.org/licenses/"",""Type"":""permissive""}",http://struts.apache.org,Unknown,[],"[{""Timestamp"":1172914716000,""File"":""6d212f8ea5d908bc9906e669428b7694dff60785.jar""}]",[]
xpp3_min,1.1.4c,,"{""Name"":""Public domain"",""URL"":""http://en.wikipedia.org/wiki/Public_domain"",""Type"":""permissive""}","http://www.extreme.indiana.edu/",Unknown,[],"[{""Timestamp"":1163191234000,""File"":""19d4e90b43059058f6e056f794f0ea4030d60b86.jar""}]",[]
maven-resources-plugin,2.4,,"{""Name"":""Apache"",""URL"":""https://www.apache.org/licenses/"",""Type"":""permissive""}",,Unknown,[],"[{""Timestamp"":1250880232000,""File"":""f441d5f42357a55198711a23da22507c03b2890d.jar""}]",[]
asm,5.0.1,,"{""Name"":""BSD"",""URL"":""http://www.linfo.org/bsdlicense.html"",""Type"":""permissive""}",http://www.ow2.org/,Unknown,[],"[{""Timestamp"":1395573248000,""File"":""2fd56467a018aafe6ec6a73ccba520be4a7e1565.jar""}]",[]
hibernate,4.3.9,,"{""Name"":""unknown"",""URL"":"""",""Type"":""unknown""}",,Unknown,[],"[{""Timestamp"":1429110826000,""File"":""c0ff75e8a3ffa5a641b77c8071ec81abf8a999ef.jar""}]",[]
maven-builder-support,3.6.0,,"{""Name"":""Apache"",""URL"":""https://www.apache.org/licenses/"",""Type"":""permissive""}",,Unknown,[],"[{""Timestamp"":1554845710000,""File"":""eda847054ae1d95c5de9d6f04429a4627d9b85cf.jar""}]",[]
encoder,1.2,,"{""Name"":""BSD"",""URL"":""http://www.linfo.org/bsdlicense.html"",""Type"":""permissive""}",,Unknown,[],"[{""Timestamp"":1428680984000,""File"":""3725ab6ba4e15c574c013da7fa61b5c39ae6f9e1.jar""}]",[]
javassist,3.25.0,,"{""Name"":""Apache"",""URL"":""https://www.apache.org/licenses/"",""Type"":""permissive""}","http://www.javassist.org/",Unknown,[],"[{""Timestamp"":1555526426000,""File"":""442dc1f9fd520130bd18da938622f4f9b2e5fba3.jar""}]",[]
commons-cli,1.4,,"{""Name"":""Apache"",""URL"":""https://www.apache.org/licenses/"",""Type"":""permissive""}",,java,"[""utility""]","[{""Timestamp"":1497877890000,""File"":""3dca10cae06c7f1db18f3241678cce8166ad77c6.jar""}]",[]
jetty-servlet,9.4.11.v20180605,,"{""Name"":""Apache"",""URL"":""https://www.apache.org/licenses/"",""Type"":""permissive""}","http://www.eclipse.org/jetty",Unknown,[],"[{""Timestamp"":1540273444000,""File"":""038076997b10f5c762a210ea8b9f6099da35ac5f.jar""}]",[]
slf4j-log4j12,1.7.26,,"{""Name"":""MIT"",""URL"":""https://opensource.org/licenses/MIT"",""Type"":""permissive""}",http://www.slf4j.org,Unknown,[],"[{""Timestamp"":1550532890000,""File"":""12f5c685b71c3027fd28bcf90528ec4ec74bf818.jar""}]",[]
apache-httpclient,4.5.2,,"{""Name"":""Apache"",""URL"":""https://www.apache.org/licenses/"",""Type"":""permissive""}","https://github.com/BlackBeltTechnology/karaf-features-${project.artifactId}",Unknown,[],"[{""Timestamp"":1456073736000,""File"":""733db77aa8d9b2d68015189df76ab06304406e50.jar""}]",[]
servlet-api,,,"{""Name"":""CDDL"",""URL"":""https://opensource.org/licenses/CDDL-1.0"",""Type"":""lgpl""}",,java,"[""framework""]","[{""Timestamp"":1581381132000,""File"":""dc6d6e097a7429c948b3bb6d13f6936f3836f260.jar""}]",[]
jackson-jaxrs-base,2.9.6,,"{""Name"":""Apache"",""URL"":""https://www.apache.org/licenses/"",""Type"":""permissive""}",,Unknown,[],"[{""Timestamp"":1540273444000,""File"":""038076997b10f5c762a210ea8b9f6099da35ac5f.jar""}]",[]
maven-model-builder,3.6.0,,"{""Name"":""Apache"",""URL"":""https://www.apache.org/licenses/"",""Type"":""permissive""}",,Unknown,[],"[{""Timestamp"":1554845710000,""File"":""323983dcef41ae63e839064caa1a8bde3bd0a8b9.jar""}]",[]
httpcomponents-core,4.4.4,,"{""Name"":""Apache"",""URL"":""https://www.apache.org/licenses/"",""Type"":""permissive""}",http://www.apache.org/,Unknown,[],"[{""Timestamp"":1445882402000,""File"":""b31526a230871fbe285fbcbe2813f9c0839ae9b0.jar""}]",[]
jersey-guava,2.6,,"{""Name"":""CDDL+GPL"",""URL"":""https://glassfish.java.net/public/CDDL+GPL.html"",""Type"":""lgpl""}",,Unknown,[],"[{""Timestamp"":1427979570000,""File"":""b58cccb7c875480eaafdde54a68c46d6c46c905b.jar""}]",[]
plexus-sec-dispatcher,1.3,,"{""Name"":""unknown"",""URL"":"""",""Type"":""unknown""}","http://spice.sonatype.org/${project.artifactId}",Unknown,[],"[{""Timestamp"":1241021110000,""File"":""dedc02034fb8fcd7615d66593228cb71709134b4.jar""}]",[]
plexus-sec-dispatcher,1.4,,"{""Name"":""unknown"",""URL"":"""",""Type"":""unknown""}","http://spice.sonatype.org/${project.artifactId}",Unknown,[],"[{""Timestamp"":1501763358000,""File"":""af067f6c796b5c283c4e3c6dedfd608c64ac1bd7.jar""}]",[]
jetty-http,9.4.11.v20180605,,"{""Name"":""Apache"",""URL"":""https://www.apache.org/licenses/"",""Type"":""permissive""}",,Unknown,[],"[{""Timestamp"":1540273444000,""File"":""038076997b10f5c762a210ea8b9f6099da35ac5f.jar""}]",[]
spring-orm,4.1.4,,"{""Name"":""Apache"",""URL"":""https://www.apache.org/licenses/"",""Type"":""permissive""}","https://spring.io/projects/spring-framework",Unknown,[],"[{""Timestamp"":1419906976000,""File"":""ed472f38daecf6a994ff1dc0355e1bd10acdcda2.jar""}]",[]
commons-lang,2.4,,"{""Name"":""Apache"",""URL"":""https://www.apache.org/licenses/"",""Type"":""permissive""}","http://commons.apache.org/lang/",Unknown,[],"[{""Timestamp"":1205536778000,""File"":""16313e02a793435009f1e458fa4af5d879f6fb11.jar""}]",[]
jcl-over-slf4j,1.6.0,,"{""Name"":""Apache"",""URL"":""https://www.apache.org/licenses/"",""Type"":""permissive""}",http://www.slf4j.org,Unknown,[],"[{""Timestamp"":1273322082000,""File"":""53f8752e867ac9c90ab27ea9afd4e84df9abeade.jar""}]",[]
commons-lang,2.6,,"{""Name"":""Apache"",""URL"":""https://www.apache.org/licenses/"",""Type"":""permissive""}","http://commons.apache.org/lang/",Unknown,[],"[{""Timestamp"":1294959912000,""File"":""0ce1edb914c94ebc388f086c6827e8bdeec71ac2.jar""}]",[]
jetty,9.4.11.v20180605,,"{""Name"":""Apache"",""URL"":""https://www.apache.org/licenses/"",""Type"":""permissive""}",,java,"[""protocol"",""server""]","[{""Timestamp"":1540273444000,""File"":""038076997b10f5c762a210ea8b9f6099da35ac5f.jar""}]",[]
commons-collections,3.2.2,,"{""Name"":""Apache"",""URL"":""https://www.apache.org/licenses/"",""Type"":""permissive""}","http://commons.apache.org/collections/",Unknown,[],"[{""Timestamp"":1447370716000,""File"":""8ad72fe39fa8c91eaaf12aadb21e0c3661fe26d5.jar""}]",[]
guava,19.0,,"{""Name"":""Apache"",""URL"":""https://www.apache.org/licenses/"",""Type"":""permissive""}",,java,"[""utility""]","[{""Timestamp"":1450397302000,""File"":""b2190d6c083697d50898120ce962b5e4a290de3d.jar""}]","[{""CVE"":""CVE-2018-10237"",""Date"":1524778140000,""CVSS"":""4.3"",""Type"":""Exact Match""}]"
jetty-util,8.1.15.v20140411,,"{""Name"":""Apache"",""URL"":""https://www.apache.org/licenses/"",""Type"":""permissive""}","http://www.eclipse.org/jetty",Unknown,[],"[{""Timestamp"":1427979570000,""File"":""b58cccb7c875480eaafdde54a68c46d6c46c905b.jar""}]",[]
maven-resolver-util,1.3.1,,"{""Name"":""Apache"",""URL"":""https://www.apache.org/licenses/"",""Type"":""permissive""}",,Unknown,[],"[{""Timestamp"":1551791242000,""File"":""1811007798d69a026179ee8a1067065ed077821b.jar""}]",[]
maven-compiler-plugin,2.1,,"{""Name"":""Apache"",""URL"":""https://www.apache.org/licenses/"",""Type"":""permissive""}",,Unknown,[],"[{""Timestamp"":1262176184000,""File"":""741fa22f95430ca1b94cbfb7fe3493683f9e76ce.jar""}]",[]
hapi-base,2.0,,"{""Name"":""MPL"",""URL"":""https://www.mozilla.org/en-US/MPL/"",""Type"":""lgpl""}",,Unknown,[],"[{""Timestamp"":1342279632000,""File"":""0a770dc5d94143db5e6115edc50a69edb2b203ba.jar""}]",[]
jetty,8.1.15.v20140411,,"{""Name"":""Apache"",""URL"":""https://www.apache.org/licenses/"",""Type"":""permissive""}",,java,"[""protocol"",""server""]","[{""Timestamp"":1427979570000,""File"":""b58cccb7c875480eaafdde54a68c46d6c46c905b.jar""}]","[{""CVE"":""CVE-2017-9735"",""Date"":1497648540000,""CVSS"":""5.0"",""Type"":""Exact Match""},{""CVE"":""CVE-2017-7656"",""Date"":1530026940000,""CVSS"":""5.0"",""Type"":""Exact Match""},{""CVE"":""CVE-2017-7657"",""Date"":1530030540000,""CVSS"":""7.5"",""Type"":""Exact Match""},{""CVE"":""CVE-2017-7658"",""Date"":1530034140000,""CVSS"":""7.5"",""Type"":""Exact Match""}]"
maven-filtering,1.0-beta-3,,"{""Name"":""Apache"",""URL"":""https://www.apache.org/licenses/"",""Type"":""permissive""}",,Unknown,[],"[{""Timestamp"":1250879912000,""File"":""95562be6bee355024aee0e971f7ea138b709614d.jar""}]",[]
joda-time,1.6,,"{""Name"":""Apache"",""URL"":""https://www.apache.org/licenses/"",""Type"":""permissive""}",https://www.joda.org,Unknown,[],"[{""Timestamp"":1225152732000,""File"":""5a18504e34c5cbe9259d6fd0123ccf6f16115a41.jar""}]",[]
httpcomponents-core,4.4.8,,"{""Name"":""Apache"",""URL"":""https://www.apache.org/licenses/"",""Type"":""permissive""}",,java,"[""parser"",""protocol""]","[{""Timestamp"":1510187350000,""File"":""308b62c17d0364cc76335f2c6ca23ad2848d1679.jar""}]",[]
hibernate-c3p0,4.3.9,,"{""Name"":""LGPL"",""URL"":""https://www.gnu.org/copyleft/lesser.html"",""Type"":""lgpl""}",http://hibernate.org,Unknown,[],"[{""Timestamp"":1429110836000,""File"":""ed89b7a47c6717f0d02d02bda5e77a39a532cc87.jar""}]",[]
slf4j,1.7.26,,"{""Name"":""MIT"",""URL"":""https://opensource.org/licenses/MIT"",""Type"":""permissive""}",http://www.slf4j.org,Unknown,[],"[{""Timestamp"":1550532846000,""File"":""77100a62c2e6f04b53977b9f541044d7d722693d.jar""}]",[]
"management-ehcache-impl-v2",2.10.6,,"{""Name"":""unknown"",""URL"":"""",""Type"":""unknown""}",,Unknown,[],"[{""Timestamp"":1540273444000,""File"":""038076997b10f5c762a210ea8b9f6099da35ac5f.jar""}]",[]
spring-beans,4.1.4,,"{""Name"":""Apache"",""URL"":""https://www.apache.org/licenses/"",""Type"":""permissive""}","https://spring.io/projects/spring-framework",Unknown,[],"[{""Timestamp"":1419906894000,""File"":""0b4f08e061c28636c0d434a74554c958457602b3.jar""}]",[]
slf4j,1.7.25,,"{""Name"":""MIT"",""URL"":""https://opensource.org/licenses/MIT"",""Type"":""permissive""}",,java,"[""logging""]","[{""Timestamp"":1522230502000,""File"":""e43173331ec53cc8bfe91c8a1be66b4342057338.jar""}]",[]
spring-expression,4.1.4,,"{""Name"":""Apache"",""URL"":""https://www.apache.org/licenses/"",""Type"":""permissive""}","https://spring.io/projects/spring-framework",Unknown,[],"[{""Timestamp"":1419906906000,""File"":""89109bc913900ceff3107ad66edb60d1acb3aed2.jar""}]",[]
javax.annotation-api,1.2,,"{""Name"":""CDDL+GPL"",""URL"":""https://glassfish.java.net/public/CDDL+GPL.html"",""Type"":""lgpl""}","https://javaee.github.io/glassfish",Unknown,[],"[{""Timestamp"":1427979570000,""File"":""b58cccb7c875480eaafdde54a68c46d6c46c905b.jar""}]",[]
hapi-base,2.1,,"{""Name"":""MPL"",""URL"":""https://www.mozilla.org/en-US/MPL/"",""Type"":""lgpl""}",,Unknown,[],"[{""Timestamp"":1363439392000,""File"":""4b1fa406e697fdbf4208e70c6ba4a579b19155aa.jar""}]",[]
commons-beanutils,1.7.0,,"{""Name"":""Apache"",""URL"":""https://www.apache.org/licenses/"",""Type"":""permissive""}","https://commons.apache.org/proper/commons-beanutils/",Unknown,[],"[{""Timestamp"":1091397296000,""File"":""5675fd96b29656504b86029551973d60fb41339b.jar""}]","[{""CVE"":""CVE-2014-0114"",""Date"":1398854940000,""CVSS"":""7.5"",""Type"":""Exact Match""},{""CVE"":""CVE-2019-10086"",""Date"":1566335700000,""CVSS"":""7.5"",""Type"":""Exact Match""}]"
jsoup,1.10.2,,"{""Name"":""MIT"",""URL"":""https://opensource.org/licenses/MIT"",""Type"":""permissive""}",,java,"[""client"",""parser"",""soup""]","[{""Timestamp"":1510187350000,""File"":""308b62c17d0364cc76335f2c6ca23ad2848d1679.jar""}]",[]
commons-digester,1.8,,"{""Name"":""Apache"",""URL"":""https://www.apache.org/licenses/"",""Type"":""permissive""}","http://commons.apache.org/digester/",Unknown,[],"[{""Timestamp"":1164812182000,""File"":""dc6a73fdbd1fa3f0944e8497c6c872fa21dca37e.jar""}]",[]
tools-ant,1.8.1,,"{""Name"":""Apache"",""URL"":""https://www.apache.org/licenses/"",""Type"":""permissive""}","https://github.com/nfalco79/tools-ant",Unknown,[],"[{""Timestamp"":1272650494000,""File"":""24a049c1581192602fc4e16d311d5351e6678a44.jar""},{""Timestamp"":1272650488000,""File"":""5d7093b80b8893e04cbd776064f31c95bfd7a9d8.jar""}]",[]
connector-java,5.1.28,,"{""Name"":""Apache"",""URL"":""https://www.apache.org/licenses/"",""Type"":""permissive""}",http://iu.edu,Unknown,[],"[{""Timestamp"":1385627962000,""File"":""4c3e03dd2c60b8975ed68f72aa18229db2647196.jar""}]",[]
plexus-compiler-api,1.6,,"{""Name"":""unknown"",""URL"":"""",""Type"":""unknown""}",,Unknown,[],"[{""Timestamp"":1262127156000,""File"":""be6f1a7e3d3fec512ed1c99971215159b4acc07a.jar""}]",[]
exec-maven-plugin,1.5.0,,"{""Name"":""Apache"",""URL"":""https://www.apache.org/licenses/"",""Type"":""permissive""}","http://www.mojohaus.org/exec-maven-plugin",Unknown,[],"[{""Timestamp"":1462620656000,""File"":""60745f1b1176af712b4e69b5a8625369ec3b7125.jar""}]",[]
"maven-scm-provider-cvsexe",1.7,,"{""Name"":""Apache"",""URL"":""https://www.apache.org/licenses/"",""Type"":""permissive""}",,Unknown,[],"[{""Timestamp"":1335453944000,""File"":""c574e3f396a153240d5643b5c5fcdb31840b2175.jar""}]",[]
commons-compress,,,"{""Name"":""Apache"",""URL"":""https://www.apache.org/licenses/"",""Type"":""permissive""}",,java,"[""compression""]","[{""Timestamp"":1272650488000,""File"":""5d7093b80b8893e04cbd776064f31c95bfd7a9d8.jar""}]","[{""CVE"":""CVE-2018-1324"",""Date"":1521206940000,""CVSS"":""4.3"",""Type"":""Exact Match""},{""CVE"":""CVE-2012-2098"",""Date"":1340999700000,""CVSS"":""5.0"",""Type"":""Exact Match""},{""CVE"":""CVE-2018-11771"",""Date"":1534433340000,""CVSS"":""4.3"",""Type"":""Exact Match""},{""CVE"":""CVE-2019-12402"",""Date"":1567156500000,""CVSS"":""5.0"",""Type"":""Exact Match""}]"
maven-resolver-provider,3.6.0,,"{""Name"":""Apache"",""URL"":""https://www.apache.org/licenses/"",""Type"":""permissive""}",,Unknown,[],"[{""Timestamp"":1554845710000,""File"":""ab01175770621d7a4969367b03493987c8ab65d6.jar""}]",[]
maven-plugin-api,3.6.0,,"{""Name"":""Apache"",""URL"":""https://www.apache.org/licenses/"",""Type"":""permissive""}",,Unknown,[],"[{""Timestamp"":1554845710000,""File"":""1b9fc7d4e1788d2a72d4aad71f7ebaf83f066018.jar""}]",[]
objenesis,,,"{""Name"":""Apache"",""URL"":""https://www.apache.org/licenses/"",""Type"":""permissive""}",,java,"[""utility""]","[{""Timestamp"":1381447528000,""File"":""8df582421867cf7298658e00cd2e9e460b697b05.jar""}]",[]
jersey-server,2.6,,"{""Name"":""Apache"",""URL"":""https://www.apache.org/licenses/"",""Type"":""permissive""}",,Unknown,[],"[{""Timestamp"":1427979570000,""File"":""b58cccb7c875480eaafdde54a68c46d6c46c905b.jar""}]",[]
"management-ehcache-impl-v2",2.10.0,,"{""Name"":""unknown"",""URL"":"""",""Type"":""unknown""}",,Unknown,[],"[{""Timestamp"":1427979570000,""File"":""b58cccb7c875480eaafdde54a68c46d6c46c905b.jar""}]",[]
plexus-utils,1.5.15,,"{""Name"":""Apache"",""URL"":""https://www.apache.org/licenses/"",""Type"":""permissive""}",,Unknown,[],"[{""Timestamp"":1244209748000,""File"":""c689598ce1eb94c304817877ed15911099972526.jar""}]","[{""CVE"":""CVE-2017-1000487"",""Date"":1515011340000,""CVSS"":""7.5"",""Type"":""Exact Match""}]"
org.eclipse.sisu.plexus,0.3.3,,"{""Name"":""EPL"",""URL"":""http://www.eclipse.org/legal/epl-v10.html"",""Type"":""permissive""}",,Unknown,[],"[{""Timestamp"":1510359014000,""File"":""853d470af717a5df6ff597b3e4c6963f067b2edc.jar""}]",[]
"geronimo-annotation_1.3_spec",1.0,,"{""Name"":""Apache"",""URL"":""https://www.apache.org/licenses/"",""Type"":""permissive""}","http://geronimo.apache.org/maven/${siteId}/${version}",Unknown,[],"[{""Timestamp"":1505465734000,""File"":""5c236ae521ed72cc4585cb0ba19de79e88bed980.jar""}]",[]
hibernate-search-engine,5.1.2,,"{""Name"":""LGPL"",""URL"":""https://www.gnu.org/copyleft/lesser.html"",""Type"":""lgpl""}",,Unknown,[],"[{""Timestamp"":1429836174000,""File"":""fc36a86e8769ed723dd63006b01c89f07f704a0e.jar""}]",[]
jetty-plus,9.3.3.v20150827,,"{""Name"":""Apache"",""URL"":""https://www.apache.org/licenses/"",""Type"":""permissive""}","http://www.eclipse.org/jetty",Unknown,[],"[{""Timestamp"":1440671768000,""File"":""56e2c4b8a1b8b168aa0ae23540ab3fb5779620ef.jar""}]",[]
commons-lang,3.1,,"{""Name"":""Apache"",""URL"":""https://www.apache.org/licenses/"",""Type"":""permissive""}",,java,"[""utility""]","[{""Timestamp"":1320879362000,""File"":""905075e6c80f206bbe6cf1e809d2caa69f420c76.jar""}]",[]
slf4j-log4j12,1.6.0,,"{""Name"":""MIT"",""URL"":""https://opensource.org/licenses/MIT"",""Type"":""permissive""}",http://www.slf4j.org,Unknown,[],"[{""Timestamp"":1273322082000,""File"":""63810ca9ef9726b38d31b061670dafc951415671.jar""}]",[]
maven-resolver-api,1.3.1,,"{""Name"":""Apache"",""URL"":""https://www.apache.org/licenses/"",""Type"":""permissive""}",,Unknown,[],"[{""Timestamp"":1551791242000,""File"":""3826135fe2decf345235459bc7a0d215b0a4ba17.jar""}]",[]
management-ehcache-v2,2.10.6,,"{""Name"":""unknown"",""URL"":"""",""Type"":""unknown""}",,Unknown,[],"[{""Timestamp"":1540273444000,""File"":""038076997b10f5c762a210ea8b9f6099da35ac5f.jar""}]",[]
ecj,,,"{""Name"":""EPL"",""URL"":""http://www.eclipse.org/legal/epl-v10.html"",""Type"":""permissive""}",,java,"[""evolutionary_computing""]","[{""Timestamp"":1358946224000,""File"":""ebb04771ae21dec8682e4153e97404d9933a9c13.jar""}]",[]
maven-antrun-plugin,1.4,,"{""Name"":""Apache"",""URL"":""https://www.apache.org/licenses/"",""Type"":""permissive""}",,Unknown,[],"[{""Timestamp"":1274787366000,""File"":""e8db11010eefd683716f2bb43155c514eb115f0a.jar""}]",[]
jackson-annotations,2.9.8,,"{""Name"":""Apache"",""URL"":""https://www.apache.org/licenses/"",""Type"":""permissive""}","http://github.com/FasterXML/jackson",Unknown,[],"[{""Timestamp"":1544879544000,""File"":""ba7f0e6f8f1b28d251eeff2a5604bed34c53ff35.jar""}]",[]
commons-io,1.4,,"{""Name"":""Apache"",""URL"":""https://www.apache.org/licenses/"",""Type"":""permissive""}","http://commons.apache.org/proper/commons-io/",Unknown,[],"[{""Timestamp"":1200539122000,""File"":""a8762d07e76cfde2395257a5da47ba7c1dbd3dce.jar""}]",[]
maven-artifact,3.6.0,,"{""Name"":""Apache"",""URL"":""https://www.apache.org/licenses/"",""Type"":""permissive""}",,Unknown,[],"[{""Timestamp"":1554845710000,""File"":""ef4d4c4b35da575dcc7c12686530756c2a7dc082.jar""}]",[]
management-ehcache-v2,2.10.0,,"{""Name"":""unknown"",""URL"":"""",""Type"":""unknown""}",,Unknown,[],"[{""Timestamp"":1427979570000,""File"":""b58cccb7c875480eaafdde54a68c46d6c46c905b.jar""}]",[]
commons-lang,3.8,,"{""Name"":""Apache"",""URL"":""https://www.apache.org/licenses/"",""Type"":""permissive""}",,java,"[""utility""]","[{""Timestamp"":1549404588000,""File"":""18484e6eeca02e1a97a77d81036eb9d6ebd15f3d.jar""}]",[]
c3p0,0.9.2.1,,"{""Name"":""EPL"",""URL"":""http://www.eclipse.org/legal/epl-v10.html"",""Type"":""permissive""}","https://github.com/swaldman/c3p0",Unknown,[],"[{""Timestamp"":1363776450000,""File"":""11b29ccb286d34eb804b7f6a3786809c9bd2e1b7.jar""}]","[{""CVE"":""CVE-2019-5427"",""Date"":1555968540000,""CVSS"":""5.0"",""Type"":""Exact Match""}]"
commons-lang,3.9,,"{""Name"":""Apache"",""URL"":""https://www.apache.org/licenses/"",""Type"":""permissive""}",,java,"[""utility""]","[{""Timestamp"":1554931058000,""File"":""0122c7cee69b53ed4a7681c03d4ee4c0e2765da5.jar""}]",[]
commons-codec,,,"{""Name"":""Apache"",""URL"":""https://www.apache.org/licenses/"",""Type"":""permissive""}",,java,"[""codec"",""text""]","[{""Timestamp"":1510187350000,""File"":""308b62c17d0364cc76335f2c6ca23ad2848d1679.jar""}]",[]
openmrs-sdk-maven-plugin,3.13.6,,"{""Name"":""unknown"",""URL"":"""",""Type"":""unknown""}","https://wiki.openmrs.org/display/docs/OpenMRS+SDK",Unknown,[],"[{""Timestamp"":1592500520000,""File"":""def4030d2405f980186054337c50133e1de60a2b.jar""}]",[]
lucene-sandbox,4.10.4,,"{""Name"":""unknown"",""URL"":"""",""Type"":""unknown""}",,Unknown,[],"[{""Timestamp"":1425055132000,""File"":""1600fe003fd6fef68cebca0802c96227501feb99.jar""}]",[]
jackson-annotations,2.9.0,,"{""Name"":""Apache"",""URL"":""https://www.apache.org/licenses/"",""Type"":""permissive""}","http://github.com/FasterXML/jackson",Unknown,[],"[{""Timestamp"":1501361600000,""File"":""07c10d545325e3a6e72e06381afe469fd40eb701.jar""}]",[]
spring-context-support,4.1.4,,"{""Name"":""Apache"",""URL"":""https://www.apache.org/licenses/"",""Type"":""permissive""}","https://spring.io/projects/spring-framework",Unknown,[],"[{""Timestamp"":1419906944000,""File"":""4ec9b2b9957273d84ac5fdaad29e4eb9716db71e.jar""}]",[]
javassist,3.18.1,,"{""Name"":""Apache"",""URL"":""https://www.apache.org/licenses/"",""Type"":""permissive""}",,java,"[""utility""]","[{""Timestamp"":1427979570000,""File"":""b58cccb7c875480eaafdde54a68c46d6c46c905b.jar""}]",[]
archetype-registry,2.4,,"{""Name"":""Apache"",""URL"":""https://www.apache.org/licenses/"",""Type"":""permissive""}",,Unknown,[],"[{""Timestamp"":1439162080000,""File"":""6a5a4babd4714d87dcab1fad430d7bc1e54e463b.jar""}]",[]
jetty-maven-plugin,9.3.3.v20150827,,"{""Name"":""Apache"",""URL"":""https://www.apache.org/licenses/"",""Type"":""permissive""}",,Unknown,[],"[{""Timestamp"":1440671768000,""File"":""b72fdf33d1d85fef96497fee30d8aab46b270460.jar""}]",[]
standard,1.1.2,,"{""Name"":""unknown"",""URL"":"""",""Type"":""unknown""}",,Unknown,[],"[{""Timestamp"":1098711086000,""File"":""a17e8a4d9a1f7fcc5eed606721c9ed6b7f18acf7.jar""}]","[{""CVE"":""CVE-2012-3001"",""Date"":1350924900000,""CVSS"":""8.5"",""Type"":""Exact Match""}]"
jetty-io,8.1.15.v20140411,,"{""Name"":""Apache"",""URL"":""https://www.apache.org/licenses/"",""Type"":""permissive""}","http://www.eclipse.org/jetty",Unknown,[],"[{""Timestamp"":1427979570000,""File"":""b58cccb7c875480eaafdde54a68c46d6c46c905b.jar""}]",[]
h2,1.4.190,,"{""Name"":""MPL"",""URL"":""https://www.mozilla.org/en-US/MPL/"",""Type"":""lgpl""}",https://h2database.com,Unknown,[],"[{""Timestamp"":1444575270000,""File"":""df71536d44e3b07f0c15bb632cac51956c55fc3e.jar""}]",[]
"maven-scm-provider-cvs-commons",1.7,,"{""Name"":""Apache"",""URL"":""https://www.apache.org/licenses/"",""Type"":""permissive""}",,Unknown,[],"[{""Timestamp"":1335453940000,""File"":""1a7a7ece430c30a2a377c3b4fa239097accc6b47.jar""}]",[]
archetype-descriptor,2.4,,"{""Name"":""Apache"",""URL"":""https://www.apache.org/licenses/"",""Type"":""permissive""}",,Unknown,[],"[{""Timestamp"":1439162080000,""File"":""04d298c7648cd834abc40b5d88980a3de3e8ae8b.jar""}]",[]
spring-jdbc,4.1.4,,"{""Name"":""Apache"",""URL"":""https://www.apache.org/licenses/"",""Type"":""permissive""}","https://spring.io/projects/spring-framework",Unknown,[],"[{""Timestamp"":1419906930000,""File"":""d54f4a5f3e37cd505afbf731b06b9a1c4b564ec1.jar""}]",[]
jetty-quickstart,9.3.3.v20150827,,"{""Name"":""Apache"",""URL"":""https://www.apache.org/licenses/"",""Type"":""permissive""}",,Unknown,[],"[{""Timestamp"":1440671768000,""File"":""c7236d7bbd93b424e32f6f8f2e65bcfb99f7345e.jar""}]",[]
jersey,2.6,,"{""Name"":""CDDL+GPL"",""URL"":""https://glassfish.java.net/public/CDDL+GPL.html"",""Type"":""lgpl""}",,java,"[""framework"",""rest""]","[{""Timestamp"":1427979570000,""File"":""b58cccb7c875480eaafdde54a68c46d6c46c905b.jar""}]",[]
apache-el,8.0.23.m1,,"{""Name"":""Apache"",""URL"":""https://www.apache.org/licenses/"",""Type"":""permissive""}",,Unknown,[],"[{""Timestamp"":1435923830000,""File"":""6b31cef31343c234aa35dc2dded64a8a3fdcd663.jar""}]",[]
cglib,3.2.5,,"{""Name"":""Apache"",""URL"":""https://www.apache.org/licenses/"",""Type"":""permissive""}",,java,"[""utility""]","[{""Timestamp"":1498756250000,""File"":""fe4bec760c88409d0acbeb38dc1ae1bf922577ac.jar""}]",[]
"build-helper-maven-plugin",1.5,,"{""Name"":""MIT"",""URL"":""https://opensource.org/licenses/MIT"",""Type"":""permissive""}","http://www.mojohaus.org/build-helper-maven-plugin/",Unknown,[],"[{""Timestamp"":1266273212000,""File"":""0a6ce9c4acff2479150d1c0916ae16da59a247f6.jar""}]",[]
"maven-scm-provider-starteam",1.7,,"{""Name"":""Apache"",""URL"":""https://www.apache.org/licenses/"",""Type"":""permissive""}",,Unknown,[],"[{""Timestamp"":1335453948000,""File"":""8ea915f25852f3f807c0a0fba690e910230c30b0.jar""}]",[]
hk2-api,2.2.0,,"{""Name"":""unknown"",""URL"":"""",""Type"":""unknown""}",,Unknown,[],"[{""Timestamp"":1427979570000,""File"":""b58cccb7c875480eaafdde54a68c46d6c46c905b.jar""}]",[]
cglib-nodep,2.2,,"{""Name"":""Apache"",""URL"":""https://www.apache.org/licenses/"",""Type"":""permissive""}",,Unknown,[],"[{""Timestamp"":1193671440000,""File"":""59afed7ab65e7ec6585d5bc60556c3cbd203532b.jar""}]",[]
cdi-api,1.2,,"{""Name"":""Apache"",""URL"":""https://www.apache.org/licenses/"",""Type"":""permissive""}",http://jboss.org,Unknown,[],"[{""Timestamp"":1510356706000,""File"":""e4e8f88f82d9f6bb12228ccd6d38fce0445af82b.jar""}]",[]
zip4j,1.3.2,,"{""Name"":""Apache"",""URL"":""https://www.apache.org/licenses/"",""Type"":""permissive""}","https://github.com/srikanth-lingala/zip4j",Unknown,[],"[{""Timestamp"":1388174880000,""File"":""4ba84e98ee017b74cb52f45962f929a221f3074c.jar""}]","[{""CVE"":""CVE-2018-1002202"",""Date"":1532539740000,""CVSS"":""5.8"",""Type"":""Exact Match""}]"
commons-digester,,,"{""Name"":""Apache"",""URL"":""https://www.apache.org/licenses/"",""Type"":""permissive""}",,java,"[""xml""]","[{""Timestamp"":1435923884000,""File"":""f8cadce1d566908f9851a6caf47d33ab6497e135.jar""}]",[]
jetty-security,9.4.11.v20180605,,"{""Name"":""Apache"",""URL"":""https://www.apache.org/licenses/"",""Type"":""permissive""}","http://www.eclipse.org/jetty",Unknown,[],"[{""Timestamp"":1540273444000,""File"":""038076997b10f5c762a210ea8b9f6099da35ac5f.jar""}]",[]
jackson-jaxrs-base,2.3.3,,"{""Name"":""Apache"",""URL"":""https://www.apache.org/licenses/"",""Type"":""permissive""}",,Unknown,[],"[{""Timestamp"":1427979570000,""File"":""b58cccb7c875480eaafdde54a68c46d6c46c905b.jar""}]",[]
beanutils,1.6,,"{""Name"":""Apache"",""URL"":""https://www.apache.org/licenses/"",""Type"":""permissive""}",,Unknown,[],"[{""Timestamp"":1091397296000,""File"":""5675fd96b29656504b86029551973d60fb41339b.jar""}]",[]
"jackson-module-jaxb-annotations",2.3.3,,"{""Name"":""Apache"",""URL"":""https://www.apache.org/licenses/"",""Type"":""permissive""}","https://github.com/FasterXML/jackson-modules-base",Unknown,[],"[{""Timestamp"":1427979570000,""File"":""b58cccb7c875480eaafdde54a68c46d6c46c905b.jar""}]",[]
ehcache,2.10.6,,"{""Name"":""Apache"",""URL"":""https://www.apache.org/licenses/"",""Type"":""permissive""}",http://ehcache.org,Unknown,[],"[{""Timestamp"":1540273444000,""File"":""038076997b10f5c762a210ea8b9f6099da35ac5f.jar""}]",[]
plexus-compiler-manager,1.6,,"{""Name"":""unknown"",""URL"":"""",""Type"":""unknown""}",,Unknown,[],"[{""Timestamp"":1262127158000,""File"":""b69a6432d53e2fa7c7d246c9f2e4ad2a4eef7237.jar""}]",[]
connector-java,5.1.45,,"{""Name"":""Apache"",""URL"":""https://www.apache.org/licenses/"",""Type"":""permissive""}",http://iu.edu,Unknown,[],"[{""Timestamp"":1511339482000,""File"":""ee64ec436a87c35362176ea300d69c912d1cbeac.jar""}]",[]
plexus-compiler-javac,1.6,,"{""Name"":""unknown"",""URL"":"""",""Type"":""unknown""}",,Unknown,[],"[{""Timestamp"":1262127168000,""File"":""3b3b695dba3f9b3cc1ac6cb76731b8deca5412ae.jar""}]",[]
javax.ws.rs-api,2.0,,"{""Name"":""EPL"",""URL"":""http://www.eclipse.org/legal/epl-v10.html"",""Type"":""permissive""}","https://www.eclipse.org/org/foundation/",Unknown,[],"[{""Timestamp"":1427979570000,""File"":""b58cccb7c875480eaafdde54a68c46d6c46c905b.jar""}]",[]
velocity,1.5,,"{""Name"":""Apache"",""URL"":""https://www.apache.org/licenses/"",""Type"":""permissive""}",http://www.apache.org/,Unknown,[],"[{""Timestamp"":1172134424000,""File"":""09f306baf7523ffc0e81a6353d08a584d254133b.jar""}]",[]
commons-cli,,,"{""Name"":""Apache"",""URL"":""https://www.apache.org/licenses/"",""Type"":""permissive""}",,java,"[""utility""]","[{""Timestamp"":1157541304000,""File"":""478feadca929a946b2f1fb962bb2179264759821.jar""}]",[]
javax.inject,2.2.0,,"{""Name"":""unknown"",""URL"":"""",""Type"":""unknown""}",,Unknown,[],"[{""Timestamp"":1427979570000,""File"":""b58cccb7c875480eaafdde54a68c46d6c46c905b.jar""}]",[]
jetty-jndi,9.3.3.v20150827,,"{""Name"":""Apache"",""URL"":""https://www.apache.org/licenses/"",""Type"":""permissive""}","http://www.eclipse.org/jetty",Unknown,[],"[{""Timestamp"":1440671768000,""File"":""43f0a0c2881c1d00517561785cde073b19830c33.jar""}]",[]
commons-io,2.5,,"{""Name"":""Apache"",""URL"":""https://www.apache.org/licenses/"",""Type"":""permissive""}",,java,"[""io""]","[{""Timestamp"":1510187350000,""File"":""308b62c17d0364cc76335f2c6ca23ad2848d1679.jar""}]",[]
commons-io,2.2,,"{""Name"":""Apache"",""URL"":""https://www.apache.org/licenses/"",""Type"":""permissive""}","http://commons.apache.org/proper/commons-io/",Unknown,[],"[{""Timestamp"":1332758226000,""File"":""83b5b8a7ba1c08f9e8c8ff2373724e33d3c1e22a.jar""}]",[]
"maven-scm-provider-gitexe",1.7,,"{""Name"":""Apache"",""URL"":""https://www.apache.org/licenses/"",""Type"":""permissive""}",,Unknown,[],"[{""Timestamp"":1335453936000,""File"":""57b2a9833843bb9677d5788e118865903c4dbba1.jar""}]",[]
tomcat,7.0.100,,"{""Name"":""Apache"",""URL"":""https://www.apache.org/licenses/"",""Type"":""permissive""}",,java,[],"[{""Timestamp"":1581381132000,""File"":""dc6d6e097a7429c948b3bb6d13f6936f3836f260.jar""}]","[{""CVE"":""CVE-2017-6056"",""Date"":1487318340000,""CVSS"":""5.0"",""Type"":""Exact Match""}]"
xmlpull,1.1.3.1,,"{""Name"":""Public domain"",""URL"":""http://en.wikipedia.org/wiki/Public_domain"",""Type"":""permissive""}",http://www.xmlpull.org,Unknown,[],"[{""Timestamp"":1053337460000,""File"":""2b8e230d2ab644e4ecaa94db7cdedbc40c805dfa.jar""}]",[]
lucene-analyzers-common,4.10.4,,"{""Name"":""unknown"",""URL"":"""",""Type"":""unknown""}",,Unknown,[],"[{""Timestamp"":1425055128000,""File"":""438dca3789b04735fe6b223d4aded3561fc5c039.jar""}]",[]
jcl-over-slf4j,1.7.26,,"{""Name"":""Apache"",""URL"":""https://www.apache.org/licenses/"",""Type"":""permissive""}",http://www.slf4j.org,Unknown,[],"[{""Timestamp"":1550532902000,""File"":""33fbc2d93de829fa5e263c5ce97f5eab8f57d53e.jar""}]",[]
tiger-types,1.4,,"{""Name"":""unknown"",""URL"":"""",""Type"":""unknown""}",,Unknown,[],"[{""Timestamp"":1427979570000,""File"":""b58cccb7c875480eaafdde54a68c46d6c46c905b.jar""}]",[]
javassist,3.19.0,,"{""Name"":""Apache"",""URL"":""https://www.apache.org/licenses/"",""Type"":""permissive""}","http://www.javassist.org/",Unknown,[],"[{""Timestamp"":1420586264000,""File"":""50120f69224dd8684b445a6f3a5b08fe9b5c60f6.jar""}]",[]
maven-settings-builder,3.6.0,,"{""Name"":""Apache"",""URL"":""https://www.apache.org/licenses/"",""Type"":""permissive""}",,Unknown,[],"[{""Timestamp"":1554845710000,""File"":""906604b1018acf2f134dcbe474acb4589b6507d1.jar""}]",[]
commons-httpclient,3.1,,"{""Name"":""Apache"",""URL"":""https://www.apache.org/licenses/"",""Type"":""permissive""}","http://jakarta.apache.org/",Unknown,[],"[{""Timestamp"":1187434750000,""File"":""964cd74171f427720480efdec40a7c7f6e58426a.jar""}]","[{""CVE"":""CVE-2015-5262"",""Date"":1445965140000,""CVSS"":""4.3"",""Type"":""Exact Match""},{""CVE"":""CVE-2012-5783"",""Date"":1352069700000,""CVSS"":""5.8"",""Type"":""Exact Match""},{""CVE"":""CVE-2012-6153"",""Date"":1409853300000,""CVSS"":""4.3"",""Type"":""Exact Match""}]"
jackson,2.3.3,,"{""Name"":""Apache"",""URL"":""https://www.apache.org/licenses/"",""Type"":""permissive""}",,java,"[""json"",""parser""]","[{""Timestamp"":1427979570000,""File"":""b58cccb7c875480eaafdde54a68c46d6c46c905b.jar""}]",[]
jersey-container-servlet,2.6,,"{""Name"":""unknown"",""URL"":"""",""Type"":""unknown""}",,Unknown,[],"[{""Timestamp"":1427979570000,""File"":""b58cccb7c875480eaafdde54a68c46d6c46c905b.jar""}]",[]
