id,scandate,dependencyId,vulnerabilityId,toolId,confidence,severity,count,id,repositoryId,packageId,id,group,artifact,version,ecosystem,id,source,cveId,sourceId,publishDate,description,CVSS2_score,CVSS2_severity,CVSS3_score,CVSS3_severity
2294,2020-09-03 23:52:05.584210,8310,108,2,,medium,4,8310,25,350,350,org.apache.activemq,activemq-core,5.4.3,maven,108,NVD,CVE-2011-4905,,2012-01-05 16:55:00,Apache ActiveMQ before 5.6.0 allows remote attackers to cause a denial of service (file-descriptor exhaustion and broker crash or hang) by sending many openwire failover:tcp:// connection requests.,5,MEDIUM,,
2295,2020-09-03 23:52:05.584210,8310,109,2,,medium,4,8310,25,350,350,org.apache.activemq,activemq-core,5.4.3,maven,109,NVD,CVE-2013-3060,,2013-04-21 21:55:00,"The web console in Apache ActiveMQ before 5.8.0 does not require authentication, which allows remote attackers to obtain sensitive information or cause a denial of service via HTTP requests.",6.4,MEDIUM,,
2301,2020-09-03 23:52:05.584210,8310,115,2,,high,4,8310,25,350,350,org.apache.activemq,activemq-core,5.4.3,maven,115,NVD,CVE-2014-3576,,2015-08-14 18:59:00,The processControlCommand function in broker/TransportConnection.java in Apache ActiveMQ before 5.11.0 allows remote attackers to cause a denial of service (shutdown) via a shutdown command.,5,MEDIUM,7.5,HIGH
2302,2020-09-03 23:52:05.584210,8310,116,2,,high,4,8310,25,350,350,org.apache.activemq,activemq-core,5.4.3,maven,116,NVD,CVE-2014-3600,,2017-10-27 19:29:00,XML external entity (XXE) vulnerability in Apache ActiveMQ 5.x before 5.10.1 allows remote consumers to have unspecified impact via vectors involving an XPath based selector when dequeuing XML messages.,7.5,HIGH,9.8,CRITICAL
2296,2020-09-03 23:52:05.584210,8310,110,2,,high,4,8310,25,350,350,org.apache.activemq,activemq-core,5.4.3,maven,110,NVD,CVE-2014-3612,,2015-08-24 14:59:00,"The LDAPLoginModule implementation in the Java Authentication and Authorization Service (JAAS) in Apache ActiveMQ 5.x before 5.10.1 allows remote attackers to bypass authentication by logging in with an empty password and valid username, which triggers an unauthenticated bind. NOTE: this identifier has been SPLIT per ADT2 due to different vulnerability types. See CVE-2015-6524 for the use of wildcard operators in usernames.",7.5,HIGH,,
2300,2020-09-03 23:52:05.584210,8310,114,2,,high,4,8310,25,350,350,org.apache.activemq,activemq-core,5.4.3,maven,114,NVD,CVE-2015-3208,,2017-07-25 18:29:00,XML external entity (XXE) vulnerability in the XPath selector component in Artemis ActiveMQ before commit 48d9951d879e0c8cbb59d4b64ab59d53ef88310d allows remote attackers to have unspecified impact via unknown vectors.,7.5,HIGH,9.8,CRITICAL
2299,2020-09-03 23:52:05.584210,8310,113,2,,high,4,8310,25,350,350,org.apache.activemq,activemq-core,5.4.3,maven,113,NVD,CVE-2015-5254,,2016-01-08 19:59:00,"Apache ActiveMQ 5.x before 5.13.0 does not restrict the classes that can be serialized in the broker, which allows remote attackers to execute arbitrary code via a crafted serialized Java Message Service (JMS) ObjectMessage object.",7.5,HIGH,9.8,CRITICAL
2297,2020-09-03 23:52:05.584210,8310,111,2,,medium,4,8310,25,350,350,org.apache.activemq,activemq-core,5.4.3,maven,111,NVD,CVE-2015-7559,,2019-08-01 14:15:00,It was found that the Apache ActiveMQ client before 5.15.5 exposed a remote shutdown command in the ActiveMQConnection class. An attacker logged into a compromised broker could use this flaw to achieve denial of service on a connected client.,4,MEDIUM,4.9,MEDIUM
2298,2020-09-03 23:52:05.584210,8310,112,2,,high,4,8310,25,350,350,org.apache.activemq,activemq-core,5.4.3,maven,112,NVD,CVE-2018-11775,,2018-09-10 20:29:00,TLS hostname verification when using the Apache ActiveMQ Client before 5.15.6 was missing which could make the client vulnerable to a MITM attack between a Java application using the ActiveMQ client and the ActiveMQ server. This is now enabled by default.,5.8,MEDIUM,7.4,HIGH
164784,2020-09-25 20:55:08.233329,8310,1152,2,,medium,4,8310,25,350,350,org.apache.activemq,activemq-core,5.4.3,maven,1152,NVD,CVE-2020-13920,,2020-09-10 19:15:00,"Apache ActiveMQ uses LocateRegistry.createRegistry() to create the JMX RMI registry and binds the server to the jmxrmi entry. It is possible to connect to the registry without authentication and call the rebind method to rebind jmxrmi to something else. If an attacker creates another server to proxy the original, and bound that, he effectively becomes a man in the middle and is able to intercept the credentials when an user connects. Upgrade to Apache ActiveMQ 5.15.12.",4.3,MEDIUM,5.9,MEDIUM
2315,2020-09-03 23:52:05.584210,8204,72,2,,high,1,8204,25,155,155,c3p0,c3p0,0.9.1,maven,72,NVD,CVE-2018-20433,,2018-12-24 13:29:00,c3p0 0.9.5.2 allows XXE in extractXmlConfigFromInputStream in com/mchange/v2/c3p0/cfg/C3P0ConfigXmlUtils.java during initialization.,7.5,HIGH,9.8,CRITICAL
2316,2020-09-03 23:52:05.584210,8204,71,2,,medium,1,8204,25,155,155,c3p0,c3p0,0.9.1,maven,71,NVD,CVE-2019-5427,,2019-04-22 21:29:00,c3p0 version < 0.9.5.4 may be exploited by a billion laughs attack when loading XML configuration due to missing protections against recursive entity expansion when loading configuration.,5,MEDIUM,7.5,HIGH
2293,2020-09-03 23:52:05.584210,8331,74,2,,low,3,8331,25,225,225,commons-codec,commons-codec,1.5,maven,74,Snyk,,SNYK-JAVA-COMMONSCODEC-561518,2012-03-03 17:20:25,Information Exposure,,,3.7,low
2317,2020-09-03 23:52:05.584210,8036,74,2,,low,1,8036,25,293,293,commons-codec,commons-codec,1.4,maven,74,Snyk,,SNYK-JAVA-COMMONSCODEC-561518,2012-03-03 17:20:25,Information Exposure,,,3.7,low
2314,2020-09-03 23:52:05.584210,8136,74,2,,low,1,8136,25,260,260,commons-codec,commons-codec,1.9,maven,74,Snyk,,SNYK-JAVA-COMMONSCODEC-561518,2012-03-03 17:20:25,Information Exposure,,,3.7,low
2322,2020-09-03 23:52:05.584210,8231,127,2,,medium,2,8231,25,168,168,commons-fileupload,commons-fileupload,1.2.1,maven,127,Snyk,,SNYK-JAVA-COMMONSFILEUPLOAD-31540,2017-02-17 08:05:48,Information Exposure,,,6.5,medium
2318,2020-09-03 23:52:05.584210,8231,12,2,,medium,2,8231,25,168,168,commons-fileupload,commons-fileupload,1.2.1,maven,12,NVD,CVE-2013-0248,,2013-03-15 20:55:00,"The default configuration of javax.servlet.context.tempdir in Apache Commons FileUpload 1.0 through 1.2.2 uses the /tmp directory for uploaded files, which allows local users to overwrite arbitrary files via an unspecified symlink attack.",3.3,LOW,,
2319,2020-09-03 23:52:05.584210,8231,13,2,,high,2,8231,25,168,168,commons-fileupload,commons-fileupload,1.2.1,maven,13,NVD,CVE-2013-2186,,2013-10-28 21:55:00,"The DiskFileItem class in Apache Commons FileUpload, as used in Red Hat JBoss BRMS 5.3.1; JBoss Portal 4.3 CP07, 5.2.2, and 6.0.0; and Red Hat JBoss Web Server 1.0.2 allows remote attackers to write to arbitrary files via a NULL byte in a file name in a serialized instance.",7.5,HIGH,,
2320,2020-09-03 23:52:05.584210,8231,14,2,,high,2,8231,25,168,168,commons-fileupload,commons-fileupload,1.2.1,maven,14,NVD,CVE-2014-0050,,2014-04-01 06:27:00,"MultipartStream.java in Apache Commons FileUpload before 1.3.1, as used in Apache Tomcat, JBoss Web, and other products, allows remote attackers to cause a denial of service (infinite loop and CPU consumption) via a crafted Content-Type header that bypasses a loop's intended exit conditions.",7.5,HIGH,,
2321,2020-09-03 23:52:05.584210,8231,15,2,,high,2,8231,25,168,168,commons-fileupload,commons-fileupload,1.2.1,maven,15,NVD,CVE-2016-1000031,,2016-10-25 14:29:00,Apache Commons FileUpload before 1.3.3 DiskFileItem File Manipulation Remote Code Execution,7.5,HIGH,9.8,CRITICAL
2326,2020-09-03 23:52:05.584210,8203,75,2,,high,1,8203,25,72,72,dom4j,dom4j,1.6.1,maven,75,NVD,CVE-2018-1000632,,2018-08-20 19:31:00,"dom4j version prior to version 2.1.1 contains a CWE-91: XML Injection vulnerability in Class: Element. Methods: addElement, addAttribute that can result in an attacker tampering with XML documents through XML injection. This attack appear to be exploitable via an attacker specifying attributes or elements in the XML document. This vulnerability appears to have been fixed in 2.1.1 or later.",5,MEDIUM,7.5,HIGH
2344,2020-09-03 23:52:05.584210,8225,126,2,,high,1,8225,25,164,164,org.codehaus.groovy,groovy-all,1.7.6,maven,126,NVD,CVE-2015-3253,,2015-08-13 14:59:00,The MethodClosure class in runtime/MethodClosure.java in Apache Groovy 1.7.0 through 2.4.3 allows remote attackers to execute arbitrary code or cause a denial of service via a crafted serialized object.,7.5,HIGH,9.8,CRITICAL
2345,2020-09-03 23:52:05.584210,8225,82,2,,high,1,8225,25,164,164,org.codehaus.groovy,groovy-all,1.7.6,maven,82,NVD,CVE-2016-6814,,2018-01-18 18:29:00,"When an application with unsupported Codehaus versions of Groovy from 1.7.0 to 2.4.3, Apache Groovy 2.4.4 to 2.4.7 on classpath uses standard Java serialization mechanisms, e.g. to communicate between servers or to store local data, it was possible for an attacker to bake a special serialized object that will execute code directly when deserialized. All applications which rely on serialization and do not isolate the code which deserializes objects were subject to this vulnerability.",7.5,HIGH,9.8,CRITICAL
2292,2020-09-03 23:52:05.584210,8259,70,2,,high,4,8259,25,185,185,com.h2database,h2,1.4.187,maven,70,NVD,CVE-2018-10054,,2018-04-11 20:29:00,"H2 1.4.197, as used in Datomic before 0.9.5697 and other products, allows remote code execution because CREATE ALIAS can execute arbitrary Java code.",6.5,MEDIUM,8.8,HIGH
2368,2020-09-03 23:52:05.584210,8028,70,2,,high,1,8028,25,388,388,com.h2database,h2,1.2.135,maven,70,NVD,CVE-2018-10054,,2018-04-11 20:29:00,"H2 1.4.197, as used in Datomic before 0.9.5697 and other products, allows remote code execution because CREATE ALIAS can execute arbitrary Java code.",6.5,MEDIUM,8.8,HIGH
2313,2020-09-03 23:52:05.584210,8117,70,2,,high,1,8117,25,365,365,com.h2database,h2,1.4.197,maven,70,NVD,CVE-2018-10054,,2018-04-11 20:29:00,"H2 1.4.197, as used in Datomic before 0.9.5697 and other products, allows remote code execution because CREATE ALIAS can execute arbitrary Java code.",6.5,MEDIUM,8.8,HIGH
2347,2020-09-03 23:52:05.584210,8222,4,2,,medium,1,8222,25,83,83,org.hibernate,hibernate-validator,4.2.0.Final,maven,4,NVD,CVE-2014-3558,,2014-09-30 14:55:00,"ReflectionHelper (org.hibernate.validator.util.ReflectionHelper) in Hibernate Validator 4.1.0 before 4.2.1, 4.3.x before 4.3.2, and 5.x before 5.1.2 allows attackers to bypass Java Security Manager (JSM) restrictions and execute restricted reflection calls via a crafted application.",5,MEDIUM,,
2349,2020-09-03 23:52:05.584210,8222,85,2,,medium,1,8222,25,83,83,org.hibernate,hibernate-validator,4.2.0.Final,maven,85,NVD,CVE-2019-10219,,2019-11-08 15:15:00,A vulnerability was found in Hibernate-Validator. The SafeHtml validator annotation fails to properly sanitize payloads consisting of potentially malicious code in HTML comments and instructions. This vulnerability can result in an XSS attack.,4.3,MEDIUM,6.1,MEDIUM
2348,2020-09-03 23:52:05.584210,8222,84,2,,medium,1,8222,25,83,83,org.hibernate,hibernate-validator,4.2.0.Final,maven,84,NVD,CVE-2020-10693,,2020-05-06 14:15:00,"A flaw was found in Hibernate Validator version 6.1.2.Final. A bug in the message interpolation processor enables invalid EL expressions to be evaluated as if they were valid. This flaw allows attackers to bypass input sanitation (escaping, stripping) controls that developers may have put in place when handling user-controlled data in error messages.",5,MEDIUM,5.3,MEDIUM
2304,2020-09-03 23:52:05.584210,8047,118,2,,medium,2,8047,25,335,335,org.apache.httpcomponents,httpclient,4.2,maven,118,Snyk,,SNYK-JAVA-ORGAPACHEHTTPCOMPONENTS-31517,2017-09-20 00:00:00,Directory Traversal,,,5.3,medium
2305,2020-09-03 23:52:05.584210,8047,119,2,,medium,2,8047,25,335,335,org.apache.httpcomponents,httpclient,4.2,maven,119,NVD,CVE-2012-6153,,2014-09-04 17:55:00,"http/conn/ssl/AbstractVerifier.java in Apache Commons HttpClient before 4.2.3 does not properly verify that the server hostname matches a domain name in the subject's Common Name (CN) or subjectAltName field of the X.509 certificate, which allows man-in-the-middle attackers to spoof SSL servers via a certificate with a subject that specifies a common name in a field that is not the CN field.  NOTE: this issue exists because of an incomplete fix for CVE-2012-5783.",4.3,MEDIUM,,
2303,2020-09-03 23:52:05.584210,8047,117,2,,medium,2,8047,25,335,335,org.apache.httpcomponents,httpclient,4.2,maven,117,NVD,CVE-2014-3577,,2014-08-21 14:55:00,"org.apache.http.conn.ssl.AbstractVerifier in Apache HttpComponents HttpClient before 4.3.5 and HttpAsyncClient before 4.0.2 does not properly verify that the server hostname matches a domain name in the subject's Common Name (CN) or subjectAltName field of the X.509 certificate, which allows man-in-the-middle attackers to spoof SSL servers via a CN= string in a field in the distinguished name (DN) of a certificate, as demonstrated by the foo,CN=www.apache.org string in the O field.",5.8,MEDIUM,,
2291,2020-09-03 23:52:05.584210,8328,122,2,,medium,4,8328,25,475,475,com.fasterxml.jackson.core,jackson-core,2.8.1,maven,122,Snyk,,SNYK-JAVA-COMFASTERXMLJACKSONCORE-31519,2017-09-20 15:28:35,Denial of Service (DoS),,,5.3,medium
2255,2020-09-03 23:52:05.584210,8326,44,2,,high,4,8326,25,348,348,com.fasterxml.jackson.core,jackson-databind,2.8.1,maven,44,Snyk,,SNYK-JAVA-COMFASTERXMLJACKSONCORE-467016,2019-09-16 14:37:37,Deserialization of Untrusted Data,,,9.8,high
2245,2020-09-03 23:52:05.584210,8326,96,2,,high,4,8326,25,348,348,com.fasterxml.jackson.core,jackson-databind,2.8.1,maven,96,NVD,CVE-2017-15095,,2018-02-06 15:29:00,"A deserialization flaw was discovered in the jackson-databind in versions before 2.8.10 and 2.9.1, which could allow an unauthenticated user to perform code execution by sending the maliciously crafted input to the readValue method of the ObjectMapper. This issue extends the previous flaw CVE-2017-7525 by blacklisting more classes that could be used maliciously.",7.5,HIGH,9.8,CRITICAL
2246,2020-09-03 23:52:05.584210,8326,33,2,,high,4,8326,25,348,348,com.fasterxml.jackson.core,jackson-databind,2.8.1,maven,33,NVD,CVE-2017-17485,,2018-01-10 18:29:00,"FasterXML jackson-databind through 2.8.10 and 2.9.x through 2.9.3 allows unauthenticated remote code execution because of an incomplete fix for the CVE-2017-7525 deserialization flaw. This is exploitable by sending maliciously crafted JSON input to the readValue method of the ObjectMapper, bypassing a blacklist that is ineffective if the Spring libraries are available in the classpath.",7.5,HIGH,9.8,CRITICAL
2244,2020-09-03 23:52:05.584210,8326,32,2,,high,4,8326,25,348,348,com.fasterxml.jackson.core,jackson-databind,2.8.1,maven,32,NVD,CVE-2017-7525,,2018-02-06 15:29:00,"A deserialization flaw was discovered in the jackson-databind, versions before 2.6.7.1, 2.7.9.1 and 2.8.9, which could allow an unauthenticated user to perform code execution by sending the maliciously crafted input to the readValue method of the ObjectMapper.",7.5,HIGH,9.8,CRITICAL
2282,2020-09-03 23:52:05.584210,8326,98,2,,high,4,8326,25,348,348,com.fasterxml.jackson.core,jackson-databind,2.8.1,maven,98,NVD,CVE-2018-11307,,2019-07-09 16:15:00,"An issue was discovered in FasterXML jackson-databind 2.0.0 through 2.9.5. Use of Jackson default typing along with a gadget class from iBatis allows exfiltration of content. Fixed in 2.7.9.4, 2.8.11.2, and 2.9.6.",7.5,HIGH,9.8,CRITICAL
2281,2020-09-03 23:52:05.584210,8326,97,2,,high,4,8326,25,348,348,com.fasterxml.jackson.core,jackson-databind,2.8.1,maven,97,NVD,CVE-2018-12022,,2019-03-21 16:00:00,"An issue was discovered in FasterXML jackson-databind prior to 2.7.9.4, 2.8.11.2, and 2.9.6. When Default Typing is enabled (either globally or for a specific property), the service has the Jodd-db jar (for database access for the Jodd framework) in the classpath, and an attacker can provide an LDAP service to access, it is possible to make the service execute a malicious payload.",5.1,MEDIUM,7.5,HIGH
2283,2020-09-03 23:52:05.584210,8326,99,2,,high,4,8326,25,348,348,com.fasterxml.jackson.core,jackson-databind,2.8.1,maven,99,NVD,CVE-2018-12023,,2019-03-21 16:00:00,"An issue was discovered in FasterXML jackson-databind prior to 2.7.9.4, 2.8.11.2, and 2.9.6. When Default Typing is enabled (either globally or for a specific property), the service has the Oracle JDBC jar in the classpath, and an attacker can provide an LDAP service to access, it is possible to make the service execute a malicious payload.",5.1,MEDIUM,7.5,HIGH
2284,2020-09-03 23:52:05.584210,8326,100,2,,high,4,8326,25,348,348,com.fasterxml.jackson.core,jackson-databind,2.8.1,maven,100,NVD,CVE-2018-14718,,2019-01-02 18:29:00,FasterXML jackson-databind 2.x before 2.9.7 might allow remote attackers to execute arbitrary code by leveraging failure to block the slf4j-ext class from polymorphic deserialization.,7.5,HIGH,9.8,CRITICAL
2286,2020-09-03 23:52:05.584210,8326,102,2,,high,4,8326,25,348,348,com.fasterxml.jackson.core,jackson-databind,2.8.1,maven,102,NVD,CVE-2018-14719,,2019-01-02 18:29:00,FasterXML jackson-databind 2.x before 2.9.7 might allow remote attackers to execute arbitrary code by leveraging failure to block the blaze-ds-opt and blaze-ds-core classes from polymorphic deserialization.,7.5,HIGH,9.8,CRITICAL
2285,2020-09-03 23:52:05.584210,8326,101,2,,high,4,8326,25,348,348,com.fasterxml.jackson.core,jackson-databind,2.8.1,maven,101,NVD,CVE-2018-14720,,2019-01-02 18:29:00,FasterXML jackson-databind 2.x before 2.9.7 might allow attackers to conduct external XML entity (XXE) attacks by leveraging failure to block unspecified JDK classes from polymorphic deserialization.,7.5,HIGH,9.8,CRITICAL
2287,2020-09-03 23:52:05.584210,8326,103,2,,high,4,8326,25,348,348,com.fasterxml.jackson.core,jackson-databind,2.8.1,maven,103,NVD,CVE-2018-14721,,2019-01-02 18:29:00,FasterXML jackson-databind 2.x before 2.9.7 might allow remote attackers to conduct server-side request forgery (SSRF) attacks by leveraging failure to block the axis2-jaxws class from polymorphic deserialization.,7.5,HIGH,10,CRITICAL
2289,2020-09-03 23:52:05.584210,8326,105,2,,high,4,8326,25,348,348,com.fasterxml.jackson.core,jackson-databind,2.8.1,maven,105,NVD,CVE-2018-19360,,2019-01-02 18:29:00,FasterXML jackson-databind 2.x before 2.9.8 might allow attackers to have unspecified impact by leveraging failure to block the axis2-transport-jms class from polymorphic deserialization.,7.5,HIGH,9.8,CRITICAL
2290,2020-09-03 23:52:05.584210,8326,106,2,,high,4,8326,25,348,348,com.fasterxml.jackson.core,jackson-databind,2.8.1,maven,106,NVD,CVE-2018-19361,,2019-01-02 18:29:00,FasterXML jackson-databind 2.x before 2.9.8 might allow attackers to have unspecified impact by leveraging failure to block the openjpa class from polymorphic deserialization.,7.5,HIGH,9.8,CRITICAL
2288,2020-09-03 23:52:05.584210,8326,104,2,,high,4,8326,25,348,348,com.fasterxml.jackson.core,jackson-databind,2.8.1,maven,104,NVD,CVE-2018-19362,,2019-01-02 18:29:00,FasterXML jackson-databind 2.x before 2.9.8 might allow attackers to have unspecified impact by leveraging failure to block the jboss-common-core class from polymorphic deserialization.,7.5,HIGH,9.8,CRITICAL
2247,2020-09-03 23:52:05.584210,8326,34,2,,high,4,8326,25,348,348,com.fasterxml.jackson.core,jackson-databind,2.8.1,maven,34,NVD,CVE-2018-5968,,2018-01-22 04:29:00,FasterXML jackson-databind through 2.8.11 and 2.9.x through 2.9.3 allows unauthenticated remote code execution because of an incomplete fix for the CVE-2017-7525 and CVE-2017-17485 deserialization flaws. This is exploitable via two different gadgets that bypass a blacklist.,5.1,MEDIUM,8.1,HIGH
2248,2020-09-03 23:52:05.584210,8326,35,2,,high,4,8326,25,348,348,com.fasterxml.jackson.core,jackson-databind,2.8.1,maven,35,NVD,CVE-2018-7489,,2018-02-26 15:29:00,"FasterXML jackson-databind before 2.7.9.3, 2.8.x before 2.8.11.1 and 2.9.x before 2.9.5 allows unauthenticated remote code execution because of an incomplete fix for the CVE-2017-7525 deserialization flaw. This is exploitable by sending maliciously crafted JSON input to the readValue method of the ObjectMapper, bypassing a blacklist that is ineffective if the c3p0 libraries are available in the classpath.",7.5,HIGH,9.8,CRITICAL
2243,2020-09-03 23:52:05.584210,8326,37,2,,high,4,8326,25,348,348,com.fasterxml.jackson.core,jackson-databind,2.8.1,maven,37,NVD,CVE-2019-12086,,2019-05-17 17:29:00,"A Polymorphic Typing issue was discovered in FasterXML jackson-databind 2.x before 2.9.9. When Default Typing is enabled (either globally or for a specific property) for an externally exposed JSON endpoint, the service has the mysql-connector-java jar (8.0.14 or earlier) in the classpath, and an attacker can host a crafted MySQL server reachable by the victim, an attacker can send a crafted JSON message that allows them to read arbitrary local files on the server. This occurs because of missing com.mysql.cj.jdbc.admin.MiniAdmin validation.",5,MEDIUM,7.5,HIGH
2250,2020-09-03 23:52:05.584210,8326,39,2,,high,4,8326,25,348,348,com.fasterxml.jackson.core,jackson-databind,2.8.1,maven,39,NVD,CVE-2019-12384,,2019-06-24 16:15:00,"FasterXML jackson-databind 2.x before 2.9.9.1 might allow attackers to have a variety of impacts by leveraging failure to block the logback-core class from polymorphic deserialization. Depending on the classpath content, remote code execution may be possible.",4.3,MEDIUM,5.9,MEDIUM
2249,2020-09-03 23:52:05.584210,8326,38,2,,high,4,8326,25,348,348,com.fasterxml.jackson.core,jackson-databind,2.8.1,maven,38,NVD,CVE-2019-12814,,2019-06-19 14:15:00,"A Polymorphic Typing issue was discovered in FasterXML jackson-databind 2.x through 2.9.9. When Default Typing is enabled (either globally or for a specific property) for an externally exposed JSON endpoint and the service has JDOM 1.x or 2.x jar in the classpath, an attacker can send a specifically crafted JSON message that allows them to read arbitrary local files on the server.",4.3,MEDIUM,5.9,MEDIUM
2251,2020-09-03 23:52:05.584210,8326,40,2,,high,4,8326,25,348,348,com.fasterxml.jackson.core,jackson-databind,2.8.1,maven,40,NVD,CVE-2019-14379,,2019-07-29 12:15:00,"SubTypeValidator.java in FasterXML jackson-databind before 2.9.9.2 mishandles default typing when ehcache is used (because of net.sf.ehcache.transaction.manager.DefaultTransactionManagerLookup), leading to remote code execution.",7.5,HIGH,9.8,CRITICAL
2252,2020-09-03 23:52:05.584210,8326,41,2,,high,4,8326,25,348,348,com.fasterxml.jackson.core,jackson-databind,2.8.1,maven,41,NVD,CVE-2019-14439,,2019-07-30 11:15:00,A Polymorphic Typing issue was discovered in FasterXML jackson-databind 2.x before 2.9.9.2. This occurs when Default Typing is enabled (either globally or for a specific property) for an externally exposed JSON endpoint and the service has the logback jar in the classpath.,5,MEDIUM,7.5,HIGH
2254,2020-09-03 23:52:05.584210,8326,43,2,,high,4,8326,25,348,348,com.fasterxml.jackson.core,jackson-databind,2.8.1,maven,43,NVD,CVE-2019-14540,,2019-09-15 22:15:00,A Polymorphic Typing issue was discovered in FasterXML jackson-databind before 2.9.10. It is related to com.zaxxer.hikari.HikariConfig.,7.5,HIGH,9.8,CRITICAL
2265,2020-09-03 23:52:05.584210,8326,54,2,,high,4,8326,25,348,348,com.fasterxml.jackson.core,jackson-databind,2.8.1,maven,54,NVD,CVE-2019-14892,,2020-03-02 17:15:00,"A flaw was discovered in jackson-databind in versions before 2.9.10, 2.8.11.5 and 2.6.7.3, where it would permit polymorphic deserialization of a malicious object using commons-configuration 1 and 2 JNDI classes. An attacker could use this flaw to execute arbitrary code.",7.5,HIGH,9.8,CRITICAL
2266,2020-09-03 23:52:05.584210,8326,55,2,,high,4,8326,25,348,348,com.fasterxml.jackson.core,jackson-databind,2.8.1,maven,55,NVD,CVE-2019-14893,,2020-03-02 21:15:00,"A flaw was discovered in FasterXML jackson-databind in all versions before 2.9.10 and 2.10.0, where it would permit polymorphic deserialization of malicious objects using the xalan JNDI gadget when used in conjunction with polymorphic type handling methods such as `enableDefaultTyping()` or when @JsonTypeInfo is using `Id.CLASS` or `Id.MINIMAL_CLASS` or in any other way which ObjectMapper.readValue might instantiate objects from unsafe sources. An attacker could use this flaw to execute arbitrary code.",7.5,HIGH,9.8,CRITICAL
2253,2020-09-03 23:52:05.584210,8326,42,2,,high,4,8326,25,348,348,com.fasterxml.jackson.core,jackson-databind,2.8.1,maven,42,NVD,CVE-2019-16335,,2019-09-15 22:15:00,A Polymorphic Typing issue was discovered in FasterXML jackson-databind before 2.9.10. It is related to com.zaxxer.hikari.HikariDataSource. This is a different vulnerability than CVE-2019-14540.,7.5,HIGH,9.8,CRITICAL
2256,2020-09-03 23:52:05.584210,8326,45,2,,high,4,8326,25,348,348,com.fasterxml.jackson.core,jackson-databind,2.8.1,maven,45,NVD,CVE-2019-16942,,2019-10-01 17:15:00,"A Polymorphic Typing issue was discovered in FasterXML jackson-databind 2.0.0 through 2.9.10. When Default Typing is enabled (either globally or for a specific property) for an externally exposed JSON endpoint and the service has the commons-dbcp (1.4) jar in the classpath, and an attacker can find an RMI service endpoint to access, it is possible to make the service execute a malicious payload. This issue exists because of org.apache.commons.dbcp.datasources.SharedPoolDataSource and org.apache.commons.dbcp.datasources.PerUserPoolDataSource mishandling.",7.5,HIGH,9.8,CRITICAL
2257,2020-09-03 23:52:05.584210,8326,46,2,,high,4,8326,25,348,348,com.fasterxml.jackson.core,jackson-databind,2.8.1,maven,46,NVD,CVE-2019-16943,,2019-10-01 17:15:00,"A Polymorphic Typing issue was discovered in FasterXML jackson-databind 2.0.0 through 2.9.10. When Default Typing is enabled (either globally or for a specific property) for an externally exposed JSON endpoint and the service has the p6spy (3.8.6) jar in the classpath, and an attacker can find an RMI service endpoint to access, it is possible to make the service execute a malicious payload. This issue exists because of com.p6spy.engine.spy.P6DataSource mishandling.",7.5,HIGH,9.8,CRITICAL
2258,2020-09-03 23:52:05.584210,8326,47,2,,high,4,8326,25,348,348,com.fasterxml.jackson.core,jackson-databind,2.8.1,maven,47,NVD,CVE-2019-17267,,2019-10-07 00:15:00,A Polymorphic Typing issue was discovered in FasterXML jackson-databind before 2.9.10. It is related to net.sf.ehcache.hibernate.EhcacheJtaTransactionManagerLookup.,7.5,HIGH,9.8,CRITICAL
2259,2020-09-03 23:52:05.584210,8326,48,2,,high,4,8326,25,348,348,com.fasterxml.jackson.core,jackson-databind,2.8.1,maven,48,NVD,CVE-2019-17531,,2019-10-12 21:15:00,"A Polymorphic Typing issue was discovered in FasterXML jackson-databind 2.0.0 through 2.9.10. When Default Typing is enabled (either globally or for a specific property) for an externally exposed JSON endpoint and the service has the apache-log4j-extra (version 1.2.x) jar in the classpath, and an attacker can provide a JNDI service to access, it is possible to make the service execute a malicious payload.",7.5,HIGH,9.8,CRITICAL
2260,2020-09-03 23:52:05.584210,8326,49,2,,high,4,8326,25,348,348,com.fasterxml.jackson.core,jackson-databind,2.8.1,maven,49,NVD,CVE-2019-20330,,2020-01-03 04:15:00,FasterXML jackson-databind 2.x before 2.9.10.2 lacks certain net.sf.ehcache blocking.,7.5,HIGH,9.8,CRITICAL
2268,2020-09-03 23:52:05.584210,8326,57,2,,high,4,8326,25,348,348,com.fasterxml.jackson.core,jackson-databind,2.8.1,maven,57,NVD,CVE-2020-10672,,2020-03-18 22:15:00,"FasterXML jackson-databind 2.x before 2.9.10.4 mishandles the interaction between serialization gadgets and typing, related to org.apache.aries.transaction.jms.internal.XaPooledConnectionFactory (aka aries.transaction.jms).",6.8,MEDIUM,8.8,HIGH
2267,2020-09-03 23:52:05.584210,8326,56,2,,high,4,8326,25,348,348,com.fasterxml.jackson.core,jackson-databind,2.8.1,maven,56,NVD,CVE-2020-10673,,2020-03-18 22:15:00,"FasterXML jackson-databind 2.x before 2.9.10.4 mishandles the interaction between serialization gadgets and typing, related to com.caucho.config.types.ResourceRef (aka caucho-quercus).",6.8,MEDIUM,8.8,HIGH
2270,2020-09-03 23:52:05.584210,8326,59,2,,high,4,8326,25,348,348,com.fasterxml.jackson.core,jackson-databind,2.8.1,maven,59,NVD,CVE-2020-10968,,2020-03-26 13:15:00,"FasterXML jackson-databind 2.x before 2.9.10.4 mishandles the interaction between serialization gadgets and typing, related to org.aoju.bus.proxy.provider.remoting.RmiProvider (aka bus-proxy).",6.8,MEDIUM,8.8,HIGH
2269,2020-09-03 23:52:05.584210,8326,58,2,,high,4,8326,25,348,348,com.fasterxml.jackson.core,jackson-databind,2.8.1,maven,58,NVD,CVE-2020-10969,,2020-03-26 13:15:00,"FasterXML jackson-databind 2.x before 2.9.10.4 mishandles the interaction between serialization gadgets and typing, related to javax.swing.JEditorPane.",6.8,MEDIUM,8.8,HIGH
2272,2020-09-03 23:52:05.584210,8326,61,2,,high,4,8326,25,348,348,com.fasterxml.jackson.core,jackson-databind,2.8.1,maven,61,NVD,CVE-2020-11111,,2020-03-31 05:15:00,"FasterXML jackson-databind 2.x before 2.9.10.4 mishandles the interaction between serialization gadgets and typing, related to org.apache.activemq.* (aka activemq-jms, activemq-core, activemq-pool, and activemq-pool-jms).",6.8,MEDIUM,8.8,HIGH
2273,2020-09-03 23:52:05.584210,8326,62,2,,high,4,8326,25,348,348,com.fasterxml.jackson.core,jackson-databind,2.8.1,maven,62,NVD,CVE-2020-11112,,2020-03-31 05:15:00,"FasterXML jackson-databind 2.x before 2.9.10.4 mishandles the interaction between serialization gadgets and typing, related to org.apache.commons.proxy.provider.remoting.RmiProvider (aka apache/commons-proxy).",6.8,MEDIUM,8.8,HIGH
2271,2020-09-03 23:52:05.584210,8326,60,2,,high,4,8326,25,348,348,com.fasterxml.jackson.core,jackson-databind,2.8.1,maven,60,NVD,CVE-2020-11113,,2020-03-31 05:15:00,"FasterXML jackson-databind 2.x before 2.9.10.4 mishandles the interaction between serialization gadgets and typing, related to org.apache.openjpa.ee.WASRegistryManagedRuntime (aka openjpa).",6.8,MEDIUM,8.8,HIGH
2275,2020-09-03 23:52:05.584210,8326,64,2,,high,4,8326,25,348,348,com.fasterxml.jackson.core,jackson-databind,2.8.1,maven,64,NVD,CVE-2020-11619,,2020-04-07 23:15:00,"FasterXML jackson-databind 2.x before 2.9.10.4 mishandles the interaction between serialization gadgets and typing, related to org.springframework.aop.config.MethodLocatingFactoryBean (aka spring-aop).",6.8,MEDIUM,9.8,CRITICAL
2274,2020-09-03 23:52:05.584210,8326,63,2,,high,4,8326,25,348,348,com.fasterxml.jackson.core,jackson-databind,2.8.1,maven,63,NVD,CVE-2020-11620,,2020-04-07 23:15:00,"FasterXML jackson-databind 2.x before 2.9.10.4 mishandles the interaction between serialization gadgets and typing, related to org.apache.commons.jelly.impl.Embedded (aka commons-jelly).",6.8,MEDIUM,9.8,CRITICAL
2278,2020-09-03 23:52:05.584210,8326,67,2,,high,4,8326,25,348,348,com.fasterxml.jackson.core,jackson-databind,2.8.1,maven,67,NVD,CVE-2020-14060,,2020-06-14 21:15:00,"FasterXML jackson-databind 2.x before 2.9.10.5 mishandles the interaction between serialization gadgets and typing, related to oadd.org.apache.xalan.lib.sql.JNDIConnectionPool (aka apache/drill).",6.8,MEDIUM,8.1,HIGH
2279,2020-09-03 23:52:05.584210,8326,68,2,,high,4,8326,25,348,348,com.fasterxml.jackson.core,jackson-databind,2.8.1,maven,68,NVD,CVE-2020-14061,,2020-06-14 20:15:00,"FasterXML jackson-databind 2.x before 2.9.10.5 mishandles the interaction between serialization gadgets and typing, related to oracle.jms.AQjmsQueueConnectionFactory, oracle.jms.AQjmsXATopicConnectionFactory, oracle.jms.AQjmsTopicConnectionFactory, oracle.jms.AQjmsXAQueueConnectionFactory, and oracle.jms.AQjmsXAConnectionFactory (aka weblogic/oracle-aqjms).",6.8,MEDIUM,8.1,HIGH
2276,2020-09-03 23:52:05.584210,8326,65,2,,high,4,8326,25,348,348,com.fasterxml.jackson.core,jackson-databind,2.8.1,maven,65,NVD,CVE-2020-14062,,2020-06-14 20:15:00,"FasterXML jackson-databind 2.x before 2.9.10.5 mishandles the interaction between serialization gadgets and typing, related to com.sun.org.apache.xalan.internal.lib.sql.JNDIConnectionPool (aka xalan2).",6.8,MEDIUM,8.1,HIGH
2277,2020-09-03 23:52:05.584210,8326,66,2,,high,4,8326,25,348,348,com.fasterxml.jackson.core,jackson-databind,2.8.1,maven,66,NVD,CVE-2020-14195,,2020-06-16 16:15:00,"FasterXML jackson-databind 2.x before 2.9.10.5 mishandles the interaction between serialization gadgets and typing, related to org.jsecurity.realm.jndi.JndiRealmFactory (aka org.jsecurity).",6.8,MEDIUM,8.1,HIGH
2280,2020-09-03 23:52:05.584210,8326,69,2,,high,4,8326,25,348,348,com.fasterxml.jackson.core,jackson-databind,2.8.1,maven,69,NVD,CVE-2020-24616,,2020-08-25 18:15:00,"FasterXML jackson-databind 2.x before 2.9.10.6 mishandles the interaction between serialization gadgets and typing, related to br.com.anteros.dbcp.AnterosDBCPDataSource (aka Anteros-DBCP).",6.8,MEDIUM,9.8,CRITICAL
164723,2020-09-25 20:55:08.233329,8326,1142,2,,high,4,8326,25,348,348,com.fasterxml.jackson.core,jackson-databind,2.8.1,maven,1142,NVD,CVE-2020-24750,,2020-09-17 19:15:00,"FasterXML jackson-databind 2.x before 2.9.10.6 mishandles the interaction between serialization gadgets and typing, related to com.pastdev.httpcomponents.configuration.JndiConfiguration.",6.8,MEDIUM,9.8,CRITICAL
2261,2020-09-03 23:52:05.584210,8326,50,2,,high,4,8326,25,348,348,com.fasterxml.jackson.core,jackson-databind,2.8.1,maven,50,NVD,CVE-2020-8840,,2020-02-10 21:56:00,"FasterXML jackson-databind 2.0.0 through 2.9.10.2 lacks certain xbean-reflect/JNDI blocking, as demonstrated by org.apache.xbean.propertyeditor.JndiConverter.",7.5,HIGH,9.8,CRITICAL
2262,2020-09-03 23:52:05.584210,8326,51,2,,high,4,8326,25,348,348,com.fasterxml.jackson.core,jackson-databind,2.8.1,maven,51,NVD,CVE-2020-9546,,2020-03-02 04:15:00,"FasterXML jackson-databind 2.x before 2.9.10.4 mishandles the interaction between serialization gadgets and typing, related to org.apache.hadoop.shaded.com.zaxxer.hikari.HikariConfig (aka shaded hikari-config).",6.8,MEDIUM,9.8,CRITICAL
2263,2020-09-03 23:52:05.584210,8326,52,2,,high,4,8326,25,348,348,com.fasterxml.jackson.core,jackson-databind,2.8.1,maven,52,NVD,CVE-2020-9547,,2020-03-02 04:15:00,"FasterXML jackson-databind 2.x before 2.9.10.4 mishandles the interaction between serialization gadgets and typing, related to com.ibatis.sqlmap.engine.transaction.jta.JtaTransactionConfig (aka ibatis-sqlmap).",6.8,MEDIUM,9.8,CRITICAL
2264,2020-09-03 23:52:05.584210,8326,53,2,,high,4,8326,25,348,348,com.fasterxml.jackson.core,jackson-databind,2.8.1,maven,53,NVD,CVE-2020-9548,,2020-03-02 04:15:00,"FasterXML jackson-databind 2.x before 2.9.10.4 mishandles the interaction between serialization gadgets and typing, related to br.com.anteros.dbcp.AnterosDBCPConfig (aka anteros-core).",6.8,MEDIUM,9.8,CRITICAL
2371,2020-09-03 23:52:05.584210,8025,83,2,,medium,1,8025,25,180,180,org.codehaus.jackson,jackson-mapper-asl,1.5.0,maven,83,NVD,CVE-2019-10172,,2019-11-18 17:15:00,A flaw was found in org.codehaus.jackson:jackson-mapper-asl:1.9.x libraries. XML external entity vulnerabilities similar CVE-2016-3720 also affects codehaus jackson-mapper-asl libraries but in different classes.,5,MEDIUM,7.5,HIGH
2346,2020-09-03 23:52:05.584210,8224,83,2,,medium,1,8224,25,85,85,org.codehaus.jackson,jackson-mapper-asl,1.9.13,maven,83,NVD,CVE-2019-10172,,2019-11-18 17:15:00,A flaw was found in org.codehaus.jackson:jackson-mapper-asl:1.9.x libraries. XML external entity vulnerabilities similar CVE-2016-3720 also affects codehaus jackson-mapper-asl libraries but in different classes.,5,MEDIUM,7.5,HIGH
2311,2020-09-03 23:52:05.584210,8318,120,2,,high,4,8318,25,357,357,org.jasypt,jasypt,1.6,maven,120,NVD,CVE-2014-9970,,2017-05-21 18:29:00,jasypt before 1.9.2 allows a timing attack against the password hash comparison.,5,MEDIUM,7.5,HIGH
2327,2020-09-03 23:52:05.584210,8229,76,2,,high,2,8229,25,98,98,javax.servlet,jstl,1.1.2,maven,76,NVD,CVE-2015-0254,,2015-03-09 14:59:00,Apache Standard Taglibs before 1.2.3 allows remote attackers to execute arbitrary code or conduct external XML entity (XXE) attacks via a crafted XSLT extension in a (1) <x:parse> or (2) <x:transform> JSTL XML tag.,7.5,HIGH,,
2328,2020-09-03 23:52:05.584210,8152,77,2,,high,1,8152,25,128,128,log4j,log4j,1.2.15,maven,77,NVD,CVE-2019-17571,,2019-12-20 17:15:00,Included in Log4j 1.2 is a SocketServer class that is vulnerable to deserialization of untrusted data which can be exploited to remotely execute arbitrary code when combined with a deserialization gadget when listening to untrusted network traffic for log data. This affects Log4j versions up to 1.2 up to 1.2.17.,7.5,HIGH,9.8,CRITICAL
2333,2020-09-03 23:52:05.584210,8239,130,2,,medium,2,8239,25,177,177,mysql,mysql-connector-java,5.1.28,maven,130,NVD,CVE-2015-2575,,2015-04-16 17:00:00,Unspecified vulnerability in the MySQL Connectors component in Oracle MySQL 5.1.34 and earlier allows remote authenticated users to affect confidentiality and integrity via unknown vectors related to Connector/J.,4.9,MEDIUM,,
2389,2020-09-03 23:52:05.584210,8034,130,2,,medium,1,8034,25,414,414,mysql,mysql-connector-java,5.1.6,maven,130,NVD,CVE-2015-2575,,2015-04-16 17:00:00,Unspecified vulnerability in the MySQL Connectors component in Oracle MySQL 5.1.34 and earlier allows remote authenticated users to affect confidentiality and integrity via unknown vectors related to Connector/J.,4.9,MEDIUM,,
2330,2020-09-03 23:52:05.584210,8239,23,2,,high,2,8239,25,177,177,mysql,mysql-connector-java,5.1.28,maven,23,NVD,CVE-2017-3523,,2017-04-24 19:59:00,"Vulnerability in the MySQL Connectors component of Oracle MySQL (subcomponent: Connector/J). Supported versions that are affected are 5.1.40 and earlier. Difficult to exploit vulnerability allows low privileged attacker with network access via multiple protocols to compromise MySQL Connectors. While the vulnerability is in MySQL Connectors, attacks may significantly impact additional products. Successful attacks of this vulnerability can result in takeover of MySQL Connectors. CVSS 3.0 Base Score 8.5 (Confidentiality, Integrity and Availability impacts). CVSS Vector: (CVSS:3.0/AV:N/AC:H/PR:L/UI:N/S:C/C:H/I:H/A:H).",6,MEDIUM,8.5,HIGH
2386,2020-09-03 23:52:05.584210,8034,23,2,,high,1,8034,25,414,414,mysql,mysql-connector-java,5.1.6,maven,23,NVD,CVE-2017-3523,,2017-04-24 19:59:00,"Vulnerability in the MySQL Connectors component of Oracle MySQL (subcomponent: Connector/J). Supported versions that are affected are 5.1.40 and earlier. Difficult to exploit vulnerability allows low privileged attacker with network access via multiple protocols to compromise MySQL Connectors. While the vulnerability is in MySQL Connectors, attacks may significantly impact additional products. Successful attacks of this vulnerability can result in takeover of MySQL Connectors. CVSS 3.0 Base Score 8.5 (Confidentiality, Integrity and Availability impacts). CVSS Vector: (CVSS:3.0/AV:N/AC:H/PR:L/UI:N/S:C/C:H/I:H/A:H).",6,MEDIUM,8.5,HIGH
2332,2020-09-03 23:52:05.584210,8239,129,2,,medium,2,8239,25,177,177,mysql,mysql-connector-java,5.1.28,maven,129,NVD,CVE-2017-3586,,2017-04-24 19:59:00,"Vulnerability in the MySQL Connectors component of Oracle MySQL (subcomponent: Connector/J). Supported versions that are affected are 5.1.41 and earlier. Easily exploitable vulnerability allows low privileged attacker with network access via multiple protocols to compromise MySQL Connectors. While the vulnerability is in MySQL Connectors, attacks may significantly impact additional products. Successful attacks of this vulnerability can result in unauthorized update, insert or delete access to some of MySQL Connectors accessible data as well as unauthorized read access to a subset of MySQL Connectors accessible data. CVSS 3.0 Base Score 6.4 (Confidentiality and Integrity impacts). CVSS Vector: (CVSS:3.0/AV:N/AC:L/PR:L/UI:N/S:C/C:L/I:L/A:N).",5.5,MEDIUM,6.4,MEDIUM
2388,2020-09-03 23:52:05.584210,8034,129,2,,medium,1,8034,25,414,414,mysql,mysql-connector-java,5.1.6,maven,129,NVD,CVE-2017-3586,,2017-04-24 19:59:00,"Vulnerability in the MySQL Connectors component of Oracle MySQL (subcomponent: Connector/J). Supported versions that are affected are 5.1.41 and earlier. Easily exploitable vulnerability allows low privileged attacker with network access via multiple protocols to compromise MySQL Connectors. While the vulnerability is in MySQL Connectors, attacks may significantly impact additional products. Successful attacks of this vulnerability can result in unauthorized update, insert or delete access to some of MySQL Connectors accessible data as well as unauthorized read access to a subset of MySQL Connectors accessible data. CVSS 3.0 Base Score 6.4 (Confidentiality and Integrity impacts). CVSS Vector: (CVSS:3.0/AV:N/AC:L/PR:L/UI:N/S:C/C:L/I:L/A:N).",5.5,MEDIUM,6.4,MEDIUM
2331,2020-09-03 23:52:05.584210,8239,128,2,,low,2,8239,25,177,177,mysql,mysql-connector-java,5.1.28,maven,128,NVD,CVE-2017-3589,,2017-04-24 19:59:00,"Vulnerability in the MySQL Connectors component of Oracle MySQL (subcomponent: Connector/J). Supported versions that are affected are 5.1.41 and earlier. Easily exploitable vulnerability allows low privileged attacker with logon to the infrastructure where MySQL Connectors executes to compromise MySQL Connectors. Successful attacks of this vulnerability can result in unauthorized update, insert or delete access to some of MySQL Connectors accessible data. CVSS 3.0 Base Score 3.3 (Integrity impacts). CVSS Vector: (CVSS:3.0/AV:L/AC:L/PR:L/UI:N/S:U/C:N/I:L/A:N).",2.1,LOW,3.3,LOW
2387,2020-09-03 23:52:05.584210,8034,128,2,,low,1,8034,25,414,414,mysql,mysql-connector-java,5.1.6,maven,128,NVD,CVE-2017-3589,,2017-04-24 19:59:00,"Vulnerability in the MySQL Connectors component of Oracle MySQL (subcomponent: Connector/J). Supported versions that are affected are 5.1.41 and earlier. Easily exploitable vulnerability allows low privileged attacker with logon to the infrastructure where MySQL Connectors executes to compromise MySQL Connectors. Successful attacks of this vulnerability can result in unauthorized update, insert or delete access to some of MySQL Connectors accessible data. CVSS 3.0 Base Score 3.3 (Integrity impacts). CVSS Vector: (CVSS:3.0/AV:L/AC:L/PR:L/UI:N/S:U/C:N/I:L/A:N).",2.1,LOW,3.3,LOW
2390,2020-09-03 23:52:05.584210,8034,79,2,,high,1,8034,25,414,414,mysql,mysql-connector-java,5.1.6,maven,79,NVD,CVE-2018-3258,,2018-10-17 01:31:00,"Vulnerability in the MySQL Connectors component of Oracle MySQL (subcomponent: Connector/J). Supported versions that are affected are 8.0.12 and prior. Easily exploitable vulnerability allows low privileged attacker with network access via multiple protocols to compromise MySQL Connectors. Successful attacks of this vulnerability can result in takeover of MySQL Connectors. CVSS 3.0 Base Score 8.8 (Confidentiality, Integrity and Availability impacts). CVSS Vector: (CVSS:3.0/AV:N/AC:L/PR:L/UI:N/S:U/C:H/I:H/A:H).",6.5,MEDIUM,8.8,HIGH
2334,2020-09-03 23:52:05.584210,8239,79,2,,high,2,8239,25,177,177,mysql,mysql-connector-java,5.1.28,maven,79,NVD,CVE-2018-3258,,2018-10-17 01:31:00,"Vulnerability in the MySQL Connectors component of Oracle MySQL (subcomponent: Connector/J). Supported versions that are affected are 8.0.12 and prior. Easily exploitable vulnerability allows low privileged attacker with network access via multiple protocols to compromise MySQL Connectors. Successful attacks of this vulnerability can result in takeover of MySQL Connectors. CVSS 3.0 Base Score 8.8 (Confidentiality, Integrity and Availability impacts). CVSS Vector: (CVSS:3.0/AV:N/AC:L/PR:L/UI:N/S:U/C:H/I:H/A:H).",6.5,MEDIUM,8.8,HIGH
2329,2020-09-03 23:52:05.584210,8239,78,2,,medium,2,8239,25,177,177,mysql,mysql-connector-java,5.1.28,maven,78,NVD,CVE-2019-2692,,2019-04-23 19:32:00,"Vulnerability in the MySQL Connectors component of Oracle MySQL (subcomponent: Connector/J). Supported versions that are affected are 8.0.15 and prior. Difficult to exploit vulnerability allows high privileged attacker with logon to the infrastructure where MySQL Connectors executes to compromise MySQL Connectors. Successful attacks require human interaction from a person other than the attacker. Successful attacks of this vulnerability can result in takeover of MySQL Connectors. CVSS 3.0 Base Score 6.3 (Confidentiality, Integrity and Availability impacts). CVSS Vector: (CVSS:3.0/AV:L/AC:H/PR:H/UI:R/S:U/C:H/I:H/A:H).",3.5,LOW,6.3,MEDIUM
2385,2020-09-03 23:52:05.584210,8034,78,2,,medium,1,8034,25,414,414,mysql,mysql-connector-java,5.1.6,maven,78,NVD,CVE-2019-2692,,2019-04-23 19:32:00,"Vulnerability in the MySQL Connectors component of Oracle MySQL (subcomponent: Connector/J). Supported versions that are affected are 8.0.15 and prior. Difficult to exploit vulnerability allows high privileged attacker with logon to the infrastructure where MySQL Connectors executes to compromise MySQL Connectors. Successful attacks require human interaction from a person other than the attacker. Successful attacks of this vulnerability can result in takeover of MySQL Connectors. CVSS 3.0 Base Score 6.3 (Confidentiality, Integrity and Availability impacts). CVSS Vector: (CVSS:3.0/AV:L/AC:H/PR:H/UI:R/S:U/C:H/I:H/A:H).",3.5,LOW,6.3,MEDIUM
2306,2020-09-03 23:52:05.584210,8294,93,2,,medium,4,8294,25,259,259,org.apache.poi,poi,3.12,maven,93,Snyk,,SNYK-JAVA-ORGAPACHEPOI-30698,2016-11-18 08:26:05,Denial of Service (DoS),,,5.3,medium
2370,2020-09-03 23:52:05.584210,8032,94,2,,high,2,8032,25,189,189,org.apache.poi,poi,3.5-beta5,maven,94,NVD,CVE-2017-12626,,2018-01-29 17:29:00,"Apache POI in versions prior to release 3.17 are vulnerable to Denial of Service Attacks: 1) Infinite Loops while parsing crafted WMF, EMF, MSG and macros (POI bugs 61338 and 61294), and 2) Out of Memory Exceptions while parsing crafted DOC, PPT and XLS (POI bugs 52372 and 61295).",5,MEDIUM,7.5,HIGH
2308,2020-09-03 23:52:05.584210,8294,94,2,,high,4,8294,25,259,259,org.apache.poi,poi,3.12,maven,94,NVD,CVE-2017-12626,,2018-01-29 17:29:00,"Apache POI in versions prior to release 3.17 are vulnerable to Denial of Service Attacks: 1) Infinite Loops while parsing crafted WMF, EMF, MSG and macros (POI bugs 61338 and 61294), and 2) Out of Memory Exceptions while parsing crafted DOC, PPT and XLS (POI bugs 52372 and 61295).",5,MEDIUM,7.5,HIGH
2369,2020-09-03 23:52:05.584210,8032,28,2,,medium,2,8032,25,189,189,org.apache.poi,poi,3.5-beta5,maven,28,NVD,CVE-2017-5644,,2017-03-24 14:59:00,"Apache POI in versions prior to release 3.15 allows remote attackers to cause a denial of service (CPU consumption) via a specially crafted OOXML file, aka an XML Entity Expansion (XEE) attack.",7.1,HIGH,5.5,MEDIUM
2307,2020-09-03 23:52:05.584210,8294,28,2,,medium,4,8294,25,259,259,org.apache.poi,poi,3.12,maven,28,NVD,CVE-2017-5644,,2017-03-24 14:59:00,"Apache POI in versions prior to release 3.15 allows remote attackers to cause a denial of service (CPU consumption) via a specially crafted OOXML file, aka an XML Entity Expansion (XEE) attack.",7.1,HIGH,5.5,MEDIUM
2309,2020-09-03 23:52:05.584210,8296,28,2,,medium,4,8296,25,262,262,org.apache.poi,poi-ooxml,3.12,maven,28,NVD,CVE-2017-5644,,2017-03-24 14:59:00,"Apache POI in versions prior to release 3.15 allows remote attackers to cause a denial of service (CPU consumption) via a specially crafted OOXML file, aka an XML Entity Expansion (XEE) attack.",7.1,HIGH,5.5,MEDIUM
2310,2020-09-03 23:52:05.584210,8296,80,2,,medium,4,8296,25,262,262,org.apache.poi,poi-ooxml,3.12,maven,80,NVD,CVE-2019-12415,,2019-10-23 20:15:00,"In Apache POI up to 4.1.0, when using the tool XSSFExportToXml to convert user-provided Microsoft Excel documents, a specially crafted document can allow an attacker to read files from the local filesystem or from internal network resources via XML External Entity (XXE) Processing.",2.1,LOW,5.5,MEDIUM
2312,2020-09-03 23:52:05.584210,8295,95,2,,medium,4,8295,25,235,235,org.quartz-scheduler,quartz,2.1.1,maven,95,NVD,CVE-2019-13990,,2019-07-26 19:15:00,initDocumentParser in xml/XMLSchedulingDataProcessor.java in Terracotta Quartz Scheduler through 2.3.0 allows XXE attacks via a job description.,7.5,HIGH,9.8,CRITICAL
2337,2020-09-03 23:52:05.584210,8190,291,2,,high,1,8190,25,285,285,org.apache.solr,solr-core,3.1.0,maven,291,NVD,CVE-2012-6612,,2013-12-07 21:55:00,"The (1) UpdateRequestHandler for XSLT or (2) XPathEntityProcessor in Apache Solr before 4.1 allows remote attackers to have an unspecified impact via XML data containing an external entity declaration in conjunction with an entity reference, related to an XML External Entity (XXE) issue, different vectors than CVE-2013-6407.",7.5,HIGH,,
2341,2020-09-03 23:52:05.584210,8190,24,2,,medium,1,8190,25,285,285,org.apache.solr,solr-core,3.1.0,maven,24,NVD,CVE-2013-6397,,2013-12-07 20:55:00,"Directory traversal vulnerability in SolrResourceLoader in Apache Solr before 4.6 allows remote attackers to read arbitrary files via a .. (dot dot) or full pathname in the tr parameter to solr/select/, when the response writer (wt parameter) is set to XSLT.  NOTE: this can be leveraged using a separate XXE (XML eXternal Entity) vulnerability to allow access to files across restricted network boundaries.",4.3,MEDIUM,,
2336,2020-09-03 23:52:05.584210,8190,26,2,,medium,1,8190,25,285,285,org.apache.solr,solr-core,3.1.0,maven,26,NVD,CVE-2013-6408,,2013-12-07 20:55:00,"The DocumentAnalysisRequestHandler in Apache Solr before 4.3.1 does not properly use the EmptyEntityResolver, which allows remote attackers to have an unspecified impact via XML data containing an external entity declaration in conjunction with an entity reference, related to an XML External Entity (XXE) issue.  NOTE: this vulnerability exists because of an incomplete fix for CVE-2013-6407.",6.4,MEDIUM,,
2338,2020-09-03 23:52:05.584210,8190,292,2,,high,1,8190,25,285,285,org.apache.solr,solr-core,3.1.0,maven,292,NVD,CVE-2017-3163,,2017-08-30 14:29:00,"When using the Index Replication feature, Apache Solr nodes can pull index files from a master/leader node using an HTTP API which accepts a file name. However, Solr before 5.5.4 and 6.x before 6.4.1 did not validate the file name, hence it was possible to craft a special request involving path traversal, leaving any file readable to the Solr server process exposed. Solr servers protected and restricted by firewall rules and/or authentication would not be at risk since only trusted clients and users would gain direct HTTP access.",5,MEDIUM,7.5,HIGH
2335,2020-09-03 23:52:05.584210,8190,290,2,,medium,1,8190,25,285,285,org.apache.solr,solr-core,3.1.0,maven,290,NVD,CVE-2017-3164,,2019-03-08 21:29:00,"Server Side Request Forgery in Apache Solr, versions 1.3 until 7.6 (inclusive). Since the shards parameter does not have a corresponding whitelist mechanism, a remote attacker with access to the server could make Solr perform an HTTP GET request to any reachable URL.",5,MEDIUM,7.5,HIGH
2339,2020-09-03 23:52:05.584210,8190,293,2,,medium,1,8190,25,285,285,org.apache.solr,solr-core,3.1.0,maven,293,NVD,CVE-2018-8026,,2018-07-05 14:29:00,"This vulnerability in Apache Solr 6.0.0 to 6.6.4 and 7.0.0 to 7.3.1 relates to an XML external entity expansion (XXE) in Solr config files (currency.xml, enumsConfig.xml referred from schema.xml, TIKA parsecontext config file). In addition, Xinclude functionality provided in these config files is also affected in a similar way. The vulnerability can be used as XXE using file/ftp/http protocols in order to read arbitrary local files from the Solr server or the internal network. The manipulated files can be uploaded as configsets using Solr's API, allowing to exploit that vulnerability.",2.1,LOW,5.5,MEDIUM
2340,2020-09-03 23:52:05.584210,8190,294,2,,high,1,8190,25,285,285,org.apache.solr,solr-core,3.1.0,maven,294,NVD,CVE-2019-0193,,2019-08-01 14:15:00,"In Apache Solr, the DataImportHandler, an optional but popular module to pull in data from databases and other sources, has a feature in which the whole DIH configuration can come from a request's dataConfig parameter. The debug mode of the DIH admin screen uses this to allow convenient debugging / development of a DIH config. Since a DIH config can contain scripts, this parameter is a security risk. Starting with version 8.2.0 of Solr, use of this parameter requires setting the Java System property enable.dih.dataConfigParam to true.",9,HIGH,7.2,HIGH
2342,2020-09-03 23:52:05.584210,8190,295,2,,medium,1,8190,25,285,285,org.apache.solr,solr-core,3.1.0,maven,295,NVD,CVE-2020-13941,,2020-08-17 13:15:00,"Reported in SOLR-14515 (private) and fixed in SOLR-14561 (public), released in Solr version 8.6.0. The Replication handler (https://lucene.apache.org/solr/guide/8_6/index-replication.html#http-api-commands-for-the-replicationhandler) allows commands backup, restore and deleteBackup. Each of these take a location parameter, which was not validated, i.e you could read/write to any location the solr user can access.",6.5,MEDIUM,8.8,HIGH
2361,2020-09-03 23:52:05.584210,8153,30,2,,medium,1,8153,25,271,271,org.springframework,spring-core,3.2.7.RELEASE,maven,30,NVD,CVE-2014-3578,,2015-02-19 20:59:00,Directory traversal vulnerability in Pivotal Spring Framework 3.x before 3.2.9 and 4.0 before 4.0.5 allows remote attackers to read arbitrary files via a crafted URL.,5,MEDIUM,,
2372,2020-09-03 23:52:05.584210,8023,22,2,,medium,1,8023,25,174,174,org.springframework,spring-oxm,3.0.5.RELEASE,maven,22,NVD,CVE-2013-4152,,2014-01-23 21:55:00,"The Spring OXM wrapper in Spring Framework before 3.2.4 and 4.0.0.M1, when using the JAXB marshaller, does not disable entity resolution, which allows context-dependent attackers to read arbitrary files, cause a denial of service, and conduct CSRF attacks via an XML external entity declaration in conjunction with an entity reference in a (1) DOMSource, (2) StAXSource, (3) SAXSource, or (4) StreamSource, aka an XML External Entity (XXE) issue.",6.8,MEDIUM,,
2350,2020-09-03 23:52:05.584210,8236,20,2,,high,1,8236,25,304,304,org.springframework,spring-oxm,3.2.7.RELEASE,maven,20,NVD,CVE-2014-0225,,2017-05-25 17:29:00,"When processing user provided XML documents, the Spring Framework 4.0.0 to 4.0.4, 3.0.0 to 3.2.8, and possibly earlier unsupported versions did not disable by default the resolution of URI references in a DTD declaration. This enabled an XXE attack.",6.8,MEDIUM,8.8,HIGH
2373,2020-09-03 23:52:05.584210,8023,20,2,,high,1,8023,25,174,174,org.springframework,spring-oxm,3.0.5.RELEASE,maven,20,NVD,CVE-2014-0225,,2017-05-25 17:29:00,"When processing user provided XML documents, the Spring Framework 4.0.0 to 4.0.4, 3.0.0 to 3.2.8, and possibly earlier unsupported versions did not disable by default the resolution of URI references in a DTD declaration. This enabled an XXE attack.",6.8,MEDIUM,8.8,HIGH
2351,2020-09-03 23:52:05.584210,8236,5,2,,medium,1,8236,25,304,304,org.springframework,spring-oxm,3.2.7.RELEASE,maven,5,NVD,CVE-2015-3192,,2016-07-12 19:59:00,"Pivotal Spring Framework before 3.2.14 and 4.x before 4.1.7 do not properly process inline DTD declarations when DTD is not entirely disabled, which allows remote attackers to cause a denial of service (memory consumption and out-of-memory errors) via a crafted XML file.",4.3,MEDIUM,5.5,MEDIUM
2378,2020-09-03 23:52:05.584210,8020,9,2,,high,1,8020,25,171,171,org.springframework,spring-web,3.0.5.RELEASE,maven,9,NVD,CVE-2011-2730,,2012-12-05 17:55:00,"VMware SpringSource Spring Framework before 2.5.6.SEC03, 2.5.7.SR023, and 3.x before 3.0.6, when a container supports Expression Language (EL), evaluates EL expressions in tags twice, which allows remote attackers to obtain sensitive information via a (1) name attribute in a (a) spring:hasBindErrors tag; (2) path attribute in a (b) spring:bind or (c) spring:nestedpath tag; (3) arguments, (4) code, (5) text, (6) var, (7) scope, or (8) message attribute in a (d) spring:message or (e) spring:theme tag; or (9) var, (10) scope, or (11) value attribute in a (f) spring:transform tag, aka Expression Language Injection.",7.5,HIGH,,
2379,2020-09-03 23:52:05.584210,8020,22,2,,medium,1,8020,25,171,171,org.springframework,spring-web,3.0.5.RELEASE,maven,22,NVD,CVE-2013-4152,,2014-01-23 21:55:00,"The Spring OXM wrapper in Spring Framework before 3.2.4 and 4.0.0.M1, when using the JAXB marshaller, does not disable entity resolution, which allows context-dependent attackers to read arbitrary files, cause a denial of service, and conduct CSRF attacks via an XML external entity declaration in conjunction with an entity reference in a (1) DOMSource, (2) StAXSource, (3) SAXSource, or (4) StreamSource, aka an XML External Entity (XXE) issue.",6.8,MEDIUM,,
2374,2020-09-03 23:52:05.584210,8020,17,2,,medium,1,8020,25,171,171,org.springframework,spring-web,3.0.5.RELEASE,maven,17,NVD,CVE-2013-6429,,2014-01-26 16:58:00,"The SourceHttpMessageConverter in Spring MVC in Spring Framework before 3.2.5 and 4.0.0.M1 through 4.0.0.RC1 does not disable external entity resolution, which allows remote attackers to read arbitrary files, cause a denial of service, and conduct CSRF attacks via crafted XML, aka an XML External Entity (XXE) issue, and a different vulnerability than CVE-2013-4152 and CVE-2013-7315.",6.8,MEDIUM,,
2375,2020-09-03 23:52:05.584210,8020,18,2,,low,1,8020,25,171,171,org.springframework,spring-web,3.0.5.RELEASE,maven,18,NVD,CVE-2013-6430,,2020-01-10 14:15:00,"The JavaScriptUtils.javaScriptEscape method in web/util/JavaScriptUtils.java in Spring MVC in Spring Framework before 3.2.2 does not properly escape certain characters, which allows remote attackers to conduct cross-site scripting (XSS) attacks via a (1) line separator or (2) paragraph separator Unicode character or (3) left or (4) right angle bracket.",3.5,LOW,5.4,MEDIUM
2376,2020-09-03 23:52:05.584210,8020,19,2,,medium,1,8020,25,171,171,org.springframework,spring-web,3.0.5.RELEASE,maven,19,NVD,CVE-2013-7315,,2014-01-23 21:55:00,"The Spring MVC in Spring Framework before 3.2.4 and 4.0.0.M1 through 4.0.0.M2 does not disable external entity resolution for the StAX XMLInputFactory, which allows context-dependent attackers to read arbitrary files, cause a denial of service, and conduct CSRF attacks via crafted XML with JAXB, aka an XML External Entity (XXE) issue, and a different vulnerability than CVE-2013-4152.  NOTE: this issue was SPLIT from CVE-2013-4152 due to different affected versions.",6.8,MEDIUM,,
2355,2020-09-03 23:52:05.584210,8234,29,2,,medium,1,8234,25,302,302,org.springframework,spring-web,3.2.7.RELEASE,maven,29,NVD,CVE-2014-0054,,2014-04-17 14:55:00,"The Jaxb2RootElementHttpMessageConverter in Spring MVC in Spring Framework before 3.2.8 and 4.0.0 before 4.0.2 does not disable external entity resolution, which allows remote attackers to read arbitrary files, cause a denial of service, and conduct CSRF attacks via crafted XML, aka an XML External Entity (XXE) issue.  NOTE: this vulnerability exists because of an incomplete fix for CVE-2013-4152, CVE-2013-7315, and CVE-2013-6429.",6.8,MEDIUM,,
2380,2020-09-03 23:52:05.584210,8020,29,2,,medium,1,8020,25,171,171,org.springframework,spring-web,3.0.5.RELEASE,maven,29,NVD,CVE-2014-0054,,2014-04-17 14:55:00,"The Jaxb2RootElementHttpMessageConverter in Spring MVC in Spring Framework before 3.2.8 and 4.0.0 before 4.0.2 does not disable external entity resolution, which allows remote attackers to read arbitrary files, cause a denial of service, and conduct CSRF attacks via crafted XML, aka an XML External Entity (XXE) issue.  NOTE: this vulnerability exists because of an incomplete fix for CVE-2013-4152, CVE-2013-7315, and CVE-2013-6429.",6.8,MEDIUM,,
2352,2020-09-03 23:52:05.584210,8234,20,2,,high,1,8234,25,302,302,org.springframework,spring-web,3.2.7.RELEASE,maven,20,NVD,CVE-2014-0225,,2017-05-25 17:29:00,"When processing user provided XML documents, the Spring Framework 4.0.0 to 4.0.4, 3.0.0 to 3.2.8, and possibly earlier unsupported versions did not disable by default the resolution of URI references in a DTD declaration. This enabled an XXE attack.",6.8,MEDIUM,8.8,HIGH
2377,2020-09-03 23:52:05.584210,8020,20,2,,high,1,8020,25,171,171,org.springframework,spring-web,3.0.5.RELEASE,maven,20,NVD,CVE-2014-0225,,2017-05-25 17:29:00,"When processing user provided XML documents, the Spring Framework 4.0.0 to 4.0.4, 3.0.0 to 3.2.8, and possibly earlier unsupported versions did not disable by default the resolution of URI references in a DTD declaration. This enabled an XXE attack.",6.8,MEDIUM,8.8,HIGH
2353,2020-09-03 23:52:05.584210,8234,5,2,,medium,1,8234,25,302,302,org.springframework,spring-web,3.2.7.RELEASE,maven,5,NVD,CVE-2015-3192,,2016-07-12 19:59:00,"Pivotal Spring Framework before 3.2.14 and 4.x before 4.1.7 do not properly process inline DTD declarations when DTD is not entirely disabled, which allows remote attackers to cause a denial of service (memory consumption and out-of-memory errors) via a crafted XML file.",4.3,MEDIUM,5.5,MEDIUM
2354,2020-09-03 23:52:05.584210,8234,6,2,,high,1,8234,25,302,302,org.springframework,spring-web,3.2.7.RELEASE,maven,6,NVD,CVE-2015-5211,,2017-05-25 17:29:00,"Under some situations, the Spring Framework 4.2.0 to 4.2.1, 4.0.0 to 4.1.7, 3.2.0 to 3.2.14 and older unsupported versions is vulnerable to a Reflected File Download (RFD) attack. The attack involves a malicious user crafting a URL with a batch script extension that results in the response being downloaded rather than rendered and also includes some input reflected in the response.",9.3,HIGH,8.6,HIGH
164855,2020-09-25 20:55:08.233329,8020,1210,2,,high,1,8020,25,171,171,org.springframework,spring-web,3.0.5.RELEASE,maven,1210,NVD,CVE-2020-5421,,2020-09-19 04:15:00,"In Spring Framework versions 5.2.0 - 5.2.8, 5.1.0 - 5.1.17, 5.0.0 - 5.0.18, 4.3.0 - 4.3.28, and older unsupported versions, the protections against RFD attacks from CVE-2015-5211 may be bypassed depending on the browser used through the use of a jsessionid path parameter.",,,,
164832,2020-09-25 20:55:08.233329,8234,1210,2,,high,1,8234,25,302,302,org.springframework,spring-web,3.2.7.RELEASE,maven,1210,NVD,CVE-2020-5421,,2020-09-19 04:15:00,"In Spring Framework versions 5.2.0 - 5.2.8, 5.1.0 - 5.1.17, 5.0.0 - 5.0.18, 4.3.0 - 4.3.28, and older unsupported versions, the protections against RFD attacks from CVE-2015-5211 may be bypassed depending on the browser used through the use of a jsessionid path parameter.",,,,
2383,2020-09-03 23:52:05.584210,8021,132,2,,medium,1,8021,25,172,172,org.springframework,spring-webmvc,3.0.5.RELEASE,maven,132,Snyk,,SNYK-JAVA-ORGSPRINGFRAMEWORK-31512,2017-09-20 06:27:22,Cross-site Scripting (XSS),,,4.3,medium
2381,2020-09-03 23:52:05.584210,8021,21,2,,medium,1,8021,25,172,172,org.springframework,spring-webmvc,3.0.5.RELEASE,maven,21,NVD,CVE-2014-1904,,2014-03-20 16:55:00,Cross-site scripting (XSS) vulnerability in web/servlet/tags/form/FormTag.java in Spring MVC in Spring Framework 3.0.0 before 3.2.8 and 4.0.0 before 4.0.2 allows remote attackers to inject arbitrary web script or HTML via the requested URI in a default action.,4.3,MEDIUM,,
2356,2020-09-03 23:52:05.584210,8235,21,2,,medium,1,8235,25,303,303,org.springframework,spring-webmvc,3.2.7.RELEASE,maven,21,NVD,CVE-2014-1904,,2014-03-20 16:55:00,Cross-site scripting (XSS) vulnerability in web/servlet/tags/form/FormTag.java in Spring MVC in Spring Framework 3.0.0 before 3.2.8 and 4.0.0 before 4.0.2 allows remote attackers to inject arbitrary web script or HTML via the requested URI in a default action.,4.3,MEDIUM,,
2357,2020-09-03 23:52:05.584210,8235,31,2,,medium,1,8235,25,303,303,org.springframework,spring-webmvc,3.2.7.RELEASE,maven,31,NVD,CVE-2014-3625,,2014-11-20 17:50:00,"Directory traversal vulnerability in Pivotal Spring Framework 3.0.4 through 3.2.x before 3.2.12, 4.0.x before 4.0.8, and 4.1.x before 4.1.2 allows remote attackers to read arbitrary files via unspecified vectors, related to static resource handling.",5,MEDIUM,,
2360,2020-09-03 23:52:05.584210,8235,1,2,,high,1,8235,25,303,303,org.springframework,spring-webmvc,3.2.7.RELEASE,maven,1,NVD,CVE-2016-5007,,2017-05-25 17:29:00,"Both Spring Security 3.2.x, 4.0.x, 4.1.0 and the Spring Framework 3.2.x, 4.0.x, 4.1.x, 4.2.x rely on URL pattern mappings for authorization and for mapping requests to controllers respectively. Differences in the strictness of the pattern matching mechanisms, for example with regards to space trimming in path segments, can lead Spring Security to not recognize certain paths as not protected that are in fact mapped to Spring MVC controllers that should be protected. The problem is compounded by the fact that the Spring Framework provides richer features with regards to pattern matching as well as by the fact that pattern matching in each Spring Security and the Spring Framework can easily be customized creating additional differences.",5,MEDIUM,7.5,HIGH
2382,2020-09-03 23:52:05.584210,8021,131,2,,high,1,8021,25,172,172,org.springframework,spring-webmvc,3.0.5.RELEASE,maven,131,NVD,CVE-2016-9878,,2016-12-29 09:59:00,"An issue was discovered in Pivotal Spring Framework before 3.2.18, 4.2.x before 4.2.9, and 4.3.x before 4.3.5. Paths provided to the ResourceServlet were not properly sanitized and as a result exposed to directory traversal attacks.",5,MEDIUM,7.5,HIGH
2358,2020-09-03 23:52:05.584210,8235,131,2,,high,1,8235,25,303,303,org.springframework,spring-webmvc,3.2.7.RELEASE,maven,131,NVD,CVE-2016-9878,,2016-12-29 09:59:00,"An issue was discovered in Pivotal Spring Framework before 3.2.18, 4.2.x before 4.2.9, and 4.3.x before 4.3.5. Paths provided to the ResourceServlet were not properly sanitized and as a result exposed to directory traversal attacks.",5,MEDIUM,7.5,HIGH
2384,2020-09-03 23:52:05.584210,8021,88,2,,medium,1,8021,25,172,172,org.springframework,spring-webmvc,3.0.5.RELEASE,maven,88,NVD,CVE-2018-1271,,2018-04-06 13:29:00,"Spring Framework, versions 5.0 prior to 5.0.5 and versions 4.3 prior to 4.3.15 and older unsupported versions, allow applications to configure Spring MVC to serve static resources (e.g. CSS, JS, images). When static resources are served from a file system on Windows (as opposed to the classpath, or the ServletContext), a malicious user can send a request using a specially crafted URL that can lead a directory traversal attack.",4.3,MEDIUM,5.9,MEDIUM
2359,2020-09-03 23:52:05.584210,8235,88,2,,medium,1,8235,25,303,303,org.springframework,spring-webmvc,3.2.7.RELEASE,maven,88,NVD,CVE-2018-1271,,2018-04-06 13:29:00,"Spring Framework, versions 5.0 prior to 5.0.5 and versions 4.3 prior to 4.3.15 and older unsupported versions, allow applications to configure Spring MVC to serve static resources (e.g. CSS, JS, images). When static resources are served from a file system on Windows (as opposed to the classpath, or the ServletContext), a malicious user can send a request using a specially crafted URL that can lead a directory traversal attack.",4.3,MEDIUM,5.9,MEDIUM
2362,2020-09-03 23:52:05.584210,8244,76,2,,high,2,8244,25,108,108,taglibs,standard,1.1.2,maven,76,NVD,CVE-2015-0254,,2015-03-09 14:59:00,Apache Standard Taglibs before 1.2.3 allows remote attackers to execute arbitrary code or conduct external XML entity (XXE) attacks via a crafted XSLT extension in a (1) <x:parse> or (2) <x:transform> JSTL XML tag.,7.5,HIGH,,
2343,2020-09-03 23:52:05.584210,8252,81,2,,high,2,8252,25,117,117,org.apache.struts,struts-core,1.3.8,maven,81,NVD,CVE-2013-1965,,2013-07-10 19:55:00,"Apache Struts Showcase App 2.0.0 through 2.3.13, as used in Struts 2 before 2.3.14.3, allows remote attackers to execute arbitrary OGNL code via a crafted parameter name that is not properly handled when invoking a redirect.",9.3,HIGH,,
2363,2020-09-03 23:52:05.584210,8173,121,2,,high,1,8173,25,249,249,xalan,xalan,2.7.0,maven,121,NVD,CVE-2014-0107,,2014-04-15 23:13:00,"The TransformerFactory in Apache Xalan-Java before 2.7.2 does not properly restrict access to certain properties when FEATURE_SECURE_PROCESSING is enabled, which allows remote attackers to bypass expected restrictions and load arbitrary classes or access external resources via a crafted (1) xalan:content-header, (2) xalan:entities, (3) xslt:content-header, or (4) xslt:entities property, or a Java property that is bound to the XSLT 1.0 system-property function.",7.5,HIGH,,
2367,2020-09-03 23:52:05.584210,8218,2,2,,medium,1,8218,25,81,81,xerces,xercesImpl,2.8.0,maven,2,NVD,CVE-2009-2625,,2009-08-06 15:30:00,"XMLScanner.java in Apache Xerces2 Java, as used in Sun Java Runtime Environment (JRE) in JDK and JRE 6 before Update 15 and JDK and JRE 5.0 before Update 20, and in other products, allows remote attackers to cause a denial of service (infinite loop and application hang) via malformed XML input, as demonstrated by the Codenomicon XML fuzzing framework.",5,MEDIUM,,
2366,2020-09-03 23:52:05.584210,8218,90,2,,high,1,8218,25,81,81,xerces,xercesImpl,2.8.0,maven,90,NVD,CVE-2012-0881,,2017-10-30 16:29:00,"Apache Xerces2 Java Parser before 2.12.0 allows remote attackers to cause a denial of service (CPU consumption) via a crafted message to an XML service, which triggers hash table collisions.",7.8,HIGH,7.5,HIGH
2364,2020-09-03 23:52:05.584210,8218,3,2,,medium,1,8218,25,81,81,xerces,xercesImpl,2.8.0,maven,3,NVD,CVE-2013-4002,,2013-07-23 11:03:00,"XMLscanner.java in Apache Xerces2 Java Parser before 2.12.0, as used in the Java Runtime Environment (JRE) in IBM Java 5.0 before 5.0 SR16-FP3, 6 before 6 SR14, 6.0.1 before 6.0.1 SR6, and 7 before 7 SR5 as well as Oracle Java SE 7u40 and earlier, Java SE 6u60 and earlier, Java SE 5.0u51 and earlier, JRockit R28.2.8 and earlier, JRockit R27.7.6 and earlier, Java SE Embedded 7u40 and earlier, and possibly other products allows remote attackers to cause a denial of service via vectors related to XML attribute names.",7.1,HIGH,,
2365,2020-09-03 23:52:05.584210,8218,89,2,,medium,1,8218,25,81,81,xerces,xercesImpl,2.8.0,maven,89,NVD,CVE-2017-10355,,2017-10-19 17:29:00,"Vulnerability in the Java SE, Java SE Embedded, JRockit component of Oracle Java SE (subcomponent: Networking). Supported versions that are affected are Java SE: 6u161, 7u151, 8u144 and 9; Java SE Embedded: 8u144; JRockit: R28.3.15. Easily exploitable vulnerability allows unauthenticated attacker with network access via multiple protocols to compromise Java SE, Java SE Embedded, JRockit. Successful attacks of this vulnerability can result in unauthorized ability to cause a partial denial of service (partial DOS) of Java SE, Java SE Embedded, JRockit. Note: This vulnerability can be exploited through sandboxed Java Web Start applications and sandboxed Java applets. It can also be exploited by supplying data to APIs in the specified Component without using sandboxed Java Web Start applications or sandboxed Java applets, such as through a web service. CVSS 3.0 Base Score 5.3 (Availability impacts). CVSS Vector: (CVSS:3.0/AV:N/AC:L/PR:N/UI:N/S:U/C:N/I:N/A:L).",5,MEDIUM,5.3,MEDIUM
2325,2020-09-03 23:52:05.584210,8209,10,2,,medium,1,8209,25,160,160,com.thoughtworks.xstream,xstream,1.4.3,maven,10,NVD,CVE-2013-7285,,2019-05-15 17:29:00,"Xstream API versions up to 1.4.6 and version 1.4.10, if the security framework has not been initialized, may allow a remote attacker to run arbitrary shell commands by manipulating the processed input stream when unmarshaling XML or any supported format. e.g. JSON.",7.5,HIGH,9.8,CRITICAL
2323,2020-09-03 23:52:05.584210,8209,107,2,,high,1,8209,25,160,160,com.thoughtworks.xstream,xstream,1.4.3,maven,107,NVD,CVE-2016-3674,,2016-05-17 14:08:00,"Multiple XML external entity (XXE) vulnerabilities in the (1) Dom4JDriver, (2) DomDriver, (3) JDomDriver, (4) JDom2Driver, (5) SjsxpDriver, (6) StandardStaxDriver, and (7) WstxDriver drivers in XStream before 1.4.9 allow remote attackers to read arbitrary files via a crafted XML document.",5,MEDIUM,7.5,HIGH
2324,2020-09-03 23:52:05.584210,8209,11,2,,high,1,8209,25,160,160,com.thoughtworks.xstream,xstream,1.4.3,maven,11,NVD,CVE-2017-7957,,2017-04-29 19:59:00,"XStream through 1.4.9, when a certain denyTypes workaround is not used, mishandles attempts to create an instance of the primitive type 'void' during unmarshalling, leading to a remote application crash, as demonstrated by an xstream.fromXML(<void/>) call.",5,MEDIUM,7.5,HIGH
